<metadata xml:lang="en"><Esri><CreaDate>20141016</CreaDate><CreaTime>12501200</CreaTime><ArcGISFormat>1.0</ArcGISFormat><ArcGISstyle>FGDC CSDGM Metadata</ArcGISstyle><SyncOnce>FALSE</SyncOnce><DataProperties><itemProps><itemName Sync="TRUE">Dist47_Canals</itemName><itemLocation><linkage Sync="TRUE">file://\\CWCBDENGISW7DT\D$\upload\gis\dt\Prep\Dist47_Canals.shp</linkage><protocol Sync="TRUE">Local Area Network</protocol></itemLocation><nativeExtBox><westBL Sync="TRUE">363201.085100</westBL><eastBL Sync="TRUE">426614.151900</eastBL><southBL Sync="TRUE">4471987.587700</southBL><northBL Sync="TRUE">4540325.321900</northBL><exTypeCode Sync="TRUE">1</exTypeCode></nativeExtBox><imsContentType Sync="TRUE" export="False">002</imsContentType><itemSize Sync="TRUE">0.000</itemSize></itemProps><coordRef><type Sync="TRUE">Projected</type><geogcsn Sync="TRUE">GCS_North_American_1983</geogcsn><csUnits Sync="TRUE">Linear Unit: Meter (1.000000)</csUnits><projcsn Sync="TRUE">NAD_1983_UTM_Zone_13N</projcsn><peXml Sync="TRUE">&lt;ProjectedCoordinateSystem xsi:type='typens:ProjectedCoordinateSystem' xmlns:xsi='http://www.w3.org/2001/XMLSchema-instance' xmlns:xs='http://www.w3.org/2001/XMLSchema' xmlns:typens='http://www.esri.com/schemas/ArcGIS/10.1'&gt;&lt;WKT&gt;PROJCS[&amp;quot;NAD_1983_UTM_Zone_13N&amp;quot;,GEOGCS[&amp;quot;GCS_North_American_1983&amp;quot;,DATUM[&amp;quot;D_North_American_1983&amp;quot;,SPHEROID[&amp;quot;GRS_1980&amp;quot;,6378137.0,298.257222101]],PRIMEM[&amp;quot;Greenwich&amp;quot;,0.0],UNIT[&amp;quot;Degree&amp;quot;,0.0174532925199433]],PROJECTION[&amp;quot;Transverse_Mercator&amp;quot;],PARAMETER[&amp;quot;False_Easting&amp;quot;,500000.0],PARAMETER[&amp;quot;False_Northing&amp;quot;,0.0],PARAMETER[&amp;quot;Central_Meridian&amp;quot;,-105.0],PARAMETER[&amp;quot;Scale_Factor&amp;quot;,0.9996],PARAMETER[&amp;quot;Latitude_Of_Origin&amp;quot;,0.0],UNIT[&amp;quot;Meter&amp;quot;,1.0],AUTHORITY[&amp;quot;EPSG&amp;quot;,26913]]&lt;/WKT&gt;&lt;XOrigin&gt;-5120900&lt;/XOrigin&gt;&lt;YOrigin&gt;-9998100&lt;/YOrigin&gt;&lt;XYScale&gt;450445547.3910538&lt;/XYScale&gt;&lt;ZOrigin&gt;-100000&lt;/ZOrigin&gt;&lt;ZScale&gt;10000&lt;/ZScale&gt;&lt;MOrigin&gt;-100000&lt;/MOrigin&gt;&lt;MScale&gt;10000&lt;/MScale&gt;&lt;XYTolerance&gt;0.001&lt;/XYTolerance&gt;&lt;ZTolerance&gt;0.001&lt;/ZTolerance&gt;&lt;MTolerance&gt;0.001&lt;/MTolerance&gt;&lt;HighPrecision&gt;true&lt;/HighPrecision&gt;&lt;WKID&gt;26913&lt;/WKID&gt;&lt;LatestWKID&gt;26913&lt;/LatestWKID&gt;&lt;/ProjectedCoordinateSystem&gt;</peXml></coordRef><lineage><Process ToolSource="c:\program files (x86)\arcgis\desktop10.1\ArcToolbox\Toolboxes\Data Management Tools.tbx\CopyFeatures" Date="20150224" Time="095240">CopyFeatures D:\cdss\GIS\MasterIrrigLands\District_47_Irrigated_Lands.gdb\Dist47_Ditch_Service_Area\Dist47_Canals D:\upload\gis\dt\Prep\Dist47_Canals.shp # 0 0 0</Process></lineage></DataProperties><SyncDate>20150224</SyncDate><SyncTime>09524000</SyncTime><ModDate>20150224</ModDate><ModTime>09524000</ModTime><scaleRange><minScale>150000000</minScale><maxScale>5000</maxScale></scaleRange><ArcGISProfile>FGDC</ArcGISProfile></Esri><mdLang><languageCode value="eng"/><countryCode value="USA" Sync="TRUE"/></mdLang><mdChar><CharSetCd value="004"/></mdChar><mdHrLv><ScopeCd value="005"/></mdHrLv><mdContact xmlns=""><rpIndName>AskDWR</rpIndName><rpOrgName>Colorado Division of Water Resources</rpOrgName><rpPosName>GIS Program Manager</rpPosName><rpCntInfo xmlns=""><cntAddress addressType="both"><delPoint>1313 Sherman St Rm 818</delPoint><city>Denver</city><adminArea>Colorado</adminArea><postCode>80203</postCode><eMailAdd>askdwr@state.co.us</eMailAdd><country>US</country></cntAddress><cntPhone><voiceNum tddtty="">303-866-3581</voiceNum></cntPhone><cntHours>M-F 8-5</cntHours><cntInstr>Contact AskDWR c/o GIS Program Manager at askdwr@state.co.us with questions regarding this dataset.</cntInstr></rpCntInfo><displayName>AskDWR</displayName><role><RoleCd value="007"/></role></mdContact><mdStanName>ArcGIS Metadata</mdStanName><mdStanVer>1.0</mdStanVer><distInfo><distTranOps><onLineSrc><linkage>http:\\cdss.state.co.us</linkage></onLineSrc><transSize Sync="TRUE">0.000</transSize></distTranOps><distFormat><formatVer>ArcGIS 10.1</formatVer></distFormat><distFormat><formatName Sync="TRUE">Shapefile</formatName><formatVer>General</formatVer></distFormat></distInfo><dataIdInfo><idCitation xmlns=""><date><pubDate date="inapplicable">2014-07-01T00:00:00</pubDate></date><collTitle>Ditch</collTitle><citRespParty xmlns=""><rpIndName>AskDWR</rpIndName><rpOrgName>Colorado Division of Water Resources</rpOrgName><rpPosName>GIS Program Manager</rpPosName><rpCntInfo xmlns=""><cntAddress addressType="both"><delPoint>1313 Sherman St Rm 818</delPoint><city>Denver</city><adminArea>Colorado</adminArea><postCode>80203</postCode><eMailAdd>askdwr@state.co.us</eMailAdd><country>US</country></cntAddress><cntPhone><voiceNum tddtty="">303-866-3581</voiceNum></cntPhone><cntHours>M-F 8-5</cntHours><cntInstr>Contact AskDWR c/o GIS Program Manager at askdwr@state.co.us with questions regarding this dataset.</cntInstr></rpCntInfo><displayName>AskDWR</displayName><role><RoleCd value="006"/></role></citRespParty><resTitle Sync="TRUE">Dist47_Canals</resTitle><presForm xmlns=""><PresFormCd value="005" Sync="TRUE"/></presForm></idCitation><idAbs>&lt;DIV STYLE="text-align:Left;"&gt;&lt;DIV&gt;&lt;DIV&gt;&lt;P&gt;&lt;SPAN&gt;Irrigation canals and ditches in the South Platte River Basin. Canals and ditches are assigned to a HydroBase Diversion structure with a WDID.&lt;/SPAN&gt;&lt;/P&gt;&lt;/DIV&gt;&lt;/DIV&gt;&lt;/DIV&gt;</idAbs><idPurp>Display location of irrigation water and estimate the amount of loss for the SPDSS consumptive use model</idPurp><idStatus><ProgCd value="001"/></idStatus><resMaint xmlns=""><maintFreq><MaintFreqCd value="009"/></maintFreq><maintCont xmlns=""><rpIndName>AskDWR</rpIndName><rpOrgName>Colorado Division of Water Resources</rpOrgName><rpPosName>GIS Program Manager</rpPosName><rpCntInfo xmlns=""><cntAddress addressType="both"><delPoint>1313 Sherman St Rm 818</delPoint><city>Denver</city><adminArea>Colorado</adminArea><postCode>80203</postCode><eMailAdd>askdwr@state.co.us</eMailAdd><country>US</country></cntAddress><cntPhone><voiceNum tddtty="">303-866-3581</voiceNum></cntPhone><cntHours>M-F 8-5</cntHours><cntInstr>Contact AskDWR c/o GIS Program Manager at askdwr@state.co.us with questions regarding this dataset.</cntInstr></rpCntInfo><displayName>AskDWR</displayName><role><RoleCd value="007"/></role></maintCont></resMaint><placeKeys xmlns=""><keyword>North Platte River</keyword><keyword>Colorado</keyword></placeKeys><themeKeys xmlns=""><keyword>Ditch</keyword><keyword>Canal</keyword><keyword>Irrigation</keyword></themeKeys><searchKeys><keyword>Ditch</keyword><keyword>Canal</keyword><keyword>North Platte River</keyword><keyword>Colorado</keyword><keyword>Irrigation</keyword></searchKeys><resConst><Consts xmlns=""><useLimit>&lt;DIV STYLE="text-align:Left;"&gt;&lt;DIV&gt;&lt;DIV&gt;&lt;P&gt;&lt;SPAN&gt;The user accepts all responsibility for the use of this data.&lt;/SPAN&gt;&lt;/P&gt;&lt;/DIV&gt;&lt;/DIV&gt;&lt;/DIV&gt;</useLimit></Consts></resConst><dataLang><languageCode value="eng"/><countryCode value="USA" Sync="TRUE"/></dataLang><dataExt xmlns=""><exDesc>publication date</exDesc><tempEle><TempExtent><exTemp><TM_Instant><tmPosition date="unknown"/></TM_Instant></exTemp></TempExtent></tempEle></dataExt><idCredit>CDWR</idCredit><dataChar><CharSetCd value="004"/></dataChar><idPoC xmlns=""><rpIndName>AskDWR</rpIndName><rpOrgName>Colorado Division of Water Resources</rpOrgName><rpPosName>GIS Program Manager</rpPosName><rpCntInfo xmlns=""><cntAddress addressType="both"><delPoint>1313 Sherman St Rm 818</delPoint><city>Denver</city><adminArea>Colorado</adminArea><postCode>80203</postCode><eMailAdd>askdwr@state.co.us</eMailAdd><country>US</country></cntAddress><cntPhone><voiceNum tddtty="">303-866-3581</voiceNum></cntPhone><cntHours>M-F 8-5</cntHours><cntInstr>Contact AskDWR c/o GIS Program Manager at askdwr@state.co.us with questions regarding this dataset.</cntInstr></rpCntInfo><displayName>AskDWR</displayName><role><RoleCd value="007"/></role></idPoC><envirDesc Sync="TRUE">Microsoft Windows 7 Version 6.1 (Build 7601) Service Pack 1; Esri ArcGIS 10.1.0.3035</envirDesc><spatRpType><SpatRepTypCd value="001" Sync="TRUE"/></spatRpType><dataExt xmlns=""><geoEle xmlns=""><GeoBndBox esriExtentType="search"><exTypeCode Sync="TRUE">1</exTypeCode><westBL Sync="TRUE">-106.626627</westBL><eastBL Sync="TRUE">-105.864726</eastBL><northBL Sync="TRUE">41.010823</northBL><southBL Sync="TRUE">40.387260</southBL></GeoBndBox></geoEle></dataExt></dataIdInfo><mdMaint xmlns=""><maintFreq><MaintFreqCd value="009"/></maintFreq><maintCont xmlns=""><rpIndName>AskDWR</rpIndName><rpOrgName>Colorado Division of Water Resources</rpOrgName><rpPosName>GIS Program Manager</rpPosName><rpCntInfo xmlns=""><cntAddress addressType="both"><delPoint>1313 Sherman St Rm 818</delPoint><city>Denver</city><adminArea>Colorado</adminArea><postCode>80203</postCode><eMailAdd>askdwr@state.co.us</eMailAdd><country>US</country></cntAddress><cntPhone><voiceNum tddtty="">303-866-3581</voiceNum></cntPhone><cntHours>M-F 8-5</cntHours><cntInstr>Contact AskDWR c/o GIS Program Manager at askdwr@state.co.us with questions regarding this dataset.</cntInstr></rpCntInfo><displayName>AskDWR</displayName><role><RoleCd value="007"/></role></maintCont></mdMaint><dqInfo xmlns=""><dqScope><scpLvl><ScopeCd value="005"/></scpLvl></dqScope><report type="DQConcConsis" dimension="" xmlns=""><measDesc>ArcMap 9.2 was used to perform a rigourous QAQC procedure for this layer. One-to-many relationships were built between the HydroBase diversion structure and ditches on WDID and between the irrigation service area and ditches on the WDID. Ditches were then reviewed individually to ensure they relate to the correct diversion structure and service area. The result is a product of very high quality. All ditches, canals, and laterals contain the WDID of the diversion structure from which they obtain water from. When a ditch or canal contain water from multiple diversion structures then multiple identical ditches exist.</measDesc></report><report type="DQQuanAttAcc" dimension="" xmlns=""><measDesc>Attribute accuracy is considered excellent. Each ditch was reviewed individually and matched to a HydroBase diversion structure.</measDesc></report><report type="DQAbsExtPosAcc" dimension="horizontal" xmlns=""><measDesc>Most ditches are originally from USGS DRG maps and contain the same horizontal accuracy as USGS DRGs. Some ditches were digitized from USGS DOQQs. Their positional accuracy is considered good.</measDesc></report><dataLineage><prcStep><stepDesc>Ditches that did not have a WDID were considered inactive, abandoned, or erroneous and were removed from the dataset.</stepDesc></prcStep><prcStep><stepDesc>Ditches were joined to diversion structures on the name. Ditches were reviewed and those ditches which were accurately joined were given the WDID of the joined diversion structure.</stepDesc></prcStep><prcStep><stepDesc>Ditches were obtained from the SPMap Ditch layer. Throughout SPDSS Phases 1-3 the ditches were edited, modified, appended, and renamed with information gained from interviews with water users.</stepDesc></prcStep><prcStep><stepDesc>Ditches that did not have a WDID were reviewed and given a diversion structure WDID where appropriate.</stepDesc></prcStep><prcStep><stepDesc>Ditches were overlayed and intersected with irrigation service areas. The ditches that intersected with the correct irrigation service area were given the WDID of that service area.</stepDesc></prcStep><prcStep><stepDesc>All ditches were reviewed in a rigourous QAQC procedure that related the ditches to diversion structures. The relationships for all ditches were checked and edited as needed.</stepDesc></prcStep><prcStep><stepDesc>Ditches were joined to HydroBase diversion structures and the HBName attribute was calculated.</stepDesc></prcStep></dataLineage></dqInfo><eainfo><detailed Name="Dist47_Canals"><enttyp><enttypl Sync="TRUE">Dist47_Canals</enttypl><enttypt Sync="TRUE">Feature Class</enttypt><enttypc Sync="TRUE">0</enttypc><enttypd>Feature Class</enttypd><enttypds>ESRI</enttypds></enttyp><attr><attrlabl Sync="TRUE">FID</attrlabl><attalias Sync="TRUE">FID</attalias><attrtype Sync="TRUE">OID</attrtype><attwidth Sync="TRUE">4</attwidth><atprecis Sync="TRUE">0</atprecis><attscale Sync="TRUE">0</attscale><attrdef Sync="TRUE">Internal feature number.</attrdef><attrdefs Sync="TRUE">Esri</attrdefs><attrdomv><udom Sync="TRUE">Sequential unique whole numbers that are automatically generated.</udom></attrdomv></attr><attr><attrlabl>LENGTH</attrlabl><attrdef>Length of the linear feature in meters.</attrdef><attalias Sync="TRUE">LENGTH</attalias><attrtype Sync="TRUE">Double</attrtype><attwidth Sync="TRUE">19</attwidth><atprecis Sync="TRUE">0</atprecis><attscale Sync="TRUE">0</attscale></attr><attr><attrlabl>Shape</attrlabl><attrdef>Feature geometry.</attrdef><attrdefs>ESRI</attrdefs><attrdomv><udom>Coordinates defining the features.</udom></attrdomv><attalias Sync="TRUE">Shape</attalias><attrtype Sync="TRUE">Geometry</attrtype><attwidth Sync="TRUE">0</attwidth><atprecis Sync="TRUE">0</atprecis><attscale Sync="TRUE">0</attscale></attr><attr><attrlabl>WD_ID_7</attrlabl><attrdef>The Water District ID of the related HydroBase diversion structure</attrdef><attalias Sync="TRUE">WD_ID_7</attalias><attrtype Sync="TRUE">String</attrtype><attwidth Sync="TRUE">7</attwidth><atprecis Sync="TRUE">0</atprecis><attscale Sync="TRUE">0</attscale></attr><attr><attrlabl>HB_NAME</attrlabl><attrdef>The HydroBase name of the structure</attrdef><attalias Sync="TRUE">HB_NAME</attalias><attrtype Sync="TRUE">String</attrtype><attwidth Sync="TRUE">32</attwidth><atprecis Sync="TRUE">0</atprecis><attscale Sync="TRUE">0</attscale></attr><attr><attrlabl>DIV</attrlabl><attrdef>Water Division</attrdef><attalias Sync="TRUE">DIV</attalias><attrtype Sync="TRUE">Integer</attrtype><attwidth Sync="TRUE">9</attwidth><atprecis Sync="TRUE">9</atprecis><attscale Sync="TRUE">0</attscale></attr><attr><attrlabl>SOURCE</attrlabl><attrdef>Source of the linear feature</attrdef><attalias Sync="TRUE">SOURCE</attalias><attrtype Sync="TRUE">String</attrtype><attwidth Sync="TRUE">16</attwidth><atprecis Sync="TRUE">0</atprecis><attscale Sync="TRUE">0</attscale></attr><attr><attrlabl>NAME</attrlabl><attrdef>Common name of the ditch</attrdef><attalias Sync="TRUE">NAME</attalias><attrtype Sync="TRUE">String</attrtype><attwidth Sync="TRUE">32</attwidth><atprecis Sync="TRUE">0</atprecis><attscale Sync="TRUE">0</attscale></attr><attr><attrlabl>ID</attrlabl><attrdef>Unique ID</attrdef><attalias Sync="TRUE">ID</attalias><attrtype Sync="TRUE">Integer</attrtype><attwidth Sync="TRUE">9</attwidth><atprecis Sync="TRUE">9</atprecis><attscale Sync="TRUE">0</attscale></attr><attr><attrlabl>WEIGHT</attrlabl><attalias Sync="TRUE">WEIGHT</attalias><attrtype Sync="TRUE">Double</attrtype><attwidth Sync="TRUE">19</attwidth><atprecis Sync="TRUE">0</atprecis><attscale Sync="TRUE">0</attscale></attr><attr><attrlabl Sync="TRUE">SHAPE_Leng</attrlabl><attalias Sync="TRUE">SHAPE_Leng</attalias><attrtype Sync="TRUE">Double</attrtype><attwidth Sync="TRUE">19</attwidth><atprecis Sync="TRUE">0</atprecis><attscale Sync="TRUE">0</attscale></attr></detailed></eainfo><mdHrLvName Sync="TRUE">dataset</mdHrLvName><refSysInfo><RefSystem><refSysID><identCode code="26913" Sync="TRUE" value="26913"/><idCodeSpace Sync="TRUE">EPSG</idCodeSpace><idVersion Sync="TRUE">7.9.4</idVersion></refSysID></RefSystem></refSysInfo><spatRepInfo><VectSpatRep><geometObjs Name="Dist47_Canals"><geoObjTyp><GeoObjTypCd value="002" Sync="TRUE"></GeoObjTypCd></geoObjTyp><geoObjCnt Sync="TRUE">0</geoObjCnt></geometObjs><topLvl><TopoLevCd value="001" Sync="TRUE"></TopoLevCd></topLvl></VectSpatRep></spatRepInfo><spdoinfo><ptvctinf><esriterm Name="Dist47_Canals"><efeatyp Sync="TRUE">Simple</efeatyp><efeageom code="3" Sync="TRUE"></efeageom><esritopo Sync="TRUE">FALSE</esritopo><efeacnt Sync="TRUE">0</efeacnt><spindex Sync="TRUE">FALSE</spindex><linrefer Sync="TRUE">FALSE</linrefer></esriterm></ptvctinf></spdoinfo><mdDateSt Sync="TRUE">20150224</mdDateSt></metadata>
