<metadata xml:lang="en"><Esri><CreaDate>20210423</CreaDate><CreaTime>10153200</CreaTime><ArcGISFormat>1.0</ArcGISFormat><ArcGISstyle>ISO 19139 Metadata Implementation Specification</ArcGISstyle><SyncOnce>FALSE</SyncOnce><DataProperties><itemProps><itemName Sync="TRUE">Div6_Irrig_2010</itemName><nativeExtBox><westBL Sync="TRUE">154363.000100</westBL><eastBL Sync="TRUE">355254.000000</eastBL><southBL Sync="TRUE">4393553.584900</southBL><northBL Sync="TRUE">4544671.592100</northBL><exTypeCode Sync="TRUE">1</exTypeCode></nativeExtBox><relatedItems><item><itemName Sync="TRUE">Ditch_To_Parcel_2010</itemName><itemType Sync="TRUE">Relationship</itemType></item><item><itemName Sync="TRUE">Ditch_To_Parcel_2010</itemName><itemType Sync="TRUE">Relationship</itemType></item><item><itemName Sync="TRUE">Well_To_Parcel_2010</itemName><itemType Sync="TRUE">Relationship</itemType></item></relatedItems><itemLocation><linkage Sync="TRUE">file://\\DNRDWRDEN2060\C$\000Aprocessing\YRDSS_Shapefiles\Div6_Irrig_2010.shp</linkage><protocol Sync="TRUE">Local Area Network</protocol></itemLocation><imsContentType Sync="TRUE" export="False">002</imsContentType><itemSize Sync="TRUE">0.000</itemSize></itemProps><coordRef><type Sync="TRUE">Projected</type><geogcsn Sync="TRUE">GCS_North_American_1983</geogcsn><csUnits Sync="TRUE">Linear Unit: Meter (1.000000)</csUnits><projcsn Sync="TRUE">NAD_1983_UTM_Zone_13N</projcsn><peXml Sync="TRUE">&lt;ProjectedCoordinateSystem xsi:type='typens:ProjectedCoordinateSystem' xmlns:xsi='http://www.w3.org/2001/XMLSchema-instance' xmlns:xs='http://www.w3.org/2001/XMLSchema' xmlns:typens='http://www.esri.com/schemas/ArcGIS/10.5'&gt;&lt;WKT&gt;PROJCS[&amp;quot;NAD_1983_UTM_Zone_13N&amp;quot;,GEOGCS[&amp;quot;GCS_North_American_1983&amp;quot;,DATUM[&amp;quot;D_North_American_1983&amp;quot;,SPHEROID[&amp;quot;GRS_1980&amp;quot;,6378137.0,298.257222101]],PRIMEM[&amp;quot;Greenwich&amp;quot;,0.0],UNIT[&amp;quot;Degree&amp;quot;,0.0174532925199433]],PROJECTION[&amp;quot;Transverse_Mercator&amp;quot;],PARAMETER[&amp;quot;False_Easting&amp;quot;,500000.0],PARAMETER[&amp;quot;False_Northing&amp;quot;,0.0],PARAMETER[&amp;quot;Central_Meridian&amp;quot;,-105.0],PARAMETER[&amp;quot;Scale_Factor&amp;quot;,0.9996],PARAMETER[&amp;quot;Latitude_Of_Origin&amp;quot;,0.0],UNIT[&amp;quot;Meter&amp;quot;,1.0],AUTHORITY[&amp;quot;EPSG&amp;quot;,26913]]&lt;/WKT&gt;&lt;XOrigin&gt;-5120900&lt;/XOrigin&gt;&lt;YOrigin&gt;-9998100&lt;/YOrigin&gt;&lt;XYScale&gt;450445547.3910538&lt;/XYScale&gt;&lt;ZOrigin&gt;-100000&lt;/ZOrigin&gt;&lt;ZScale&gt;10000&lt;/ZScale&gt;&lt;MOrigin&gt;-100000&lt;/MOrigin&gt;&lt;MScale&gt;10000&lt;/MScale&gt;&lt;XYTolerance&gt;0.001&lt;/XYTolerance&gt;&lt;ZTolerance&gt;0.001&lt;/ZTolerance&gt;&lt;MTolerance&gt;0.001&lt;/MTolerance&gt;&lt;HighPrecision&gt;true&lt;/HighPrecision&gt;&lt;WKID&gt;26913&lt;/WKID&gt;&lt;LatestWKID&gt;26913&lt;/LatestWKID&gt;&lt;/ProjectedCoordinateSystem&gt;</peXml></coordRef><lineage><Process ToolSource="c:\users\ckb\appdata\local\programs\arcgis\pro\Resources\ArcToolbox\toolboxes\Data Management Tools.tbx\CalculateField" Date="20220414" Time="113040">CalculateField Lands\Div6_Irrig_2010 CROP_TYPE "GRASS_PASTURE" "Python 3" # Text NO_ENFORCE_DOMAINS</Process><Process ToolSource="c:\program files (x86)\arcgis\desktop10.5\ArcToolbox\Toolboxes\Data Management Tools.tbx\CalculateField" Date="20220422" Time="130534">CalculateField Div6_Irrig_2010 IRRIG_TYPE "FLOOD" VB #</Process><Process ToolSource="c:\program files (x86)\arcgis\desktop10.5\ArcToolbox\Toolboxes\Data Management Tools.tbx\CopyFeatures" Date="20220422" Time="141831">CopyFeatures C:\000Aprocessing\YRDSS.gdb\Div6_Irrigated_Lands\Div6_Irrig_2010 C:\000Aprocessing\YRDSS_Shapefiles\Div6_Irrig_2010.shp # 0 0 0</Process></lineage></DataProperties><SyncDate>20220422</SyncDate><SyncTime>14183100</SyncTime><ModDate>20220422</ModDate><ModTime>14183100</ModTime><scaleRange><minScale>150000000</minScale><maxScale>5000</maxScale></scaleRange><ArcGISProfile>ISO19139</ArcGISProfile></Esri><mdLang><languageCode value="eng"/><countryCode value="USA" Sync="TRUE"/></mdLang><mdChar><CharSetCd value="004"/></mdChar><mdHrLv><ScopeCd value="005"/></mdHrLv><mdContact xmlns=""><rpOrgName>CDWR</rpOrgName><rpPosName>GIS Program Manager</rpPosName><rpCntInfo xmlns=""><cntPhone><voiceNum tddtty="">303-866-3581</voiceNum></cntPhone><cntAddress addressType="both"><delPoint>1313 Sherman St., Room 821</delPoint><city>Denver</city><adminArea>Colorado</adminArea><postCode>80203</postCode><country>US</country><eMailAdd>https://dwr.state.co.us/Portal/dwr/AskDWR</eMailAdd></cntAddress><cntHours>M-F 8-5</cntHours></rpCntInfo><role><RoleCd value="007"/></role><displayName>Colorado Water Conservation Board</displayName><rpIndName>GIS Program Manager</rpIndName></mdContact><mdStanName>ArcGIS Metadata</mdStanName><mdStanVer>1.0</mdStanVer><distInfo><distFormat><formatVer>ArcGIS 10.1</formatVer><formatName Sync="TRUE">Shapefile</formatName></distFormat><distributor><distorCont><rpOrgName>Colorado Water Conservation Board</rpOrgName><rpPosName>GIS Program Manager</rpPosName><role><RoleCd value="006"/></role><displayName>Colorado Water Conservation Board</displayName></distorCont></distributor><distTranOps><transSize Sync="TRUE">0.000</transSize></distTranOps></distInfo><dataIdInfo><idCitation xmlns=""><date><pubDate>2014-07-01T00:00:00</pubDate></date><presForm xmlns=""><PresFormCd value="005"/></presForm><resTitle Sync="TRUE">Div6_Irrig_2010</resTitle></idCitation><idAbs>&lt;DIV STYLE="text-align:Left;"&gt;&lt;DIV&gt;&lt;DIV&gt;&lt;P&gt;&lt;SPAN&gt;Spatial and informational database of irrigated parcels in Division 6 of the Yampa/White Basins for the 2010 growing season in support of the CDSS.&lt;/SPAN&gt;&lt;/P&gt;&lt;/DIV&gt;&lt;/DIV&gt;&lt;/DIV&gt;</idAbs><idPurp>Input for CDSS.</idPurp><idCredit>CDSS funded by Colorado Water Conservation Board (CWCB) and Colorado Division of Water Resources (CDWR). Input to dataset from various water users including water commissioners, ditch companies, water management groups, and individual farmers.</idCredit><idStatus><ProgCd value="001"/></idStatus><resMaint xmlns=""><maintFreq><MaintFreqCd value="009"/></maintFreq><contact><rpIndName>AskDWR</rpIndName><rpOrgName>Colorado Division of Water Resources</rpOrgName><rpPosName>GIS Program Manager</rpPosName><rpCntInfo><cntPhone><voiceNum>303-866-3581</voiceNum></cntPhone><cntAddress><delPoint>1313 Sherman St</delPoint><city>Denver</city><adminArea>Colorado</adminArea><postCode>80203</postCode><country>US</country><eMailAdd>askdwr@state.co.us</eMailAdd></cntAddress><cntHours>M-F 8-5</cntHours><cntInstr>Contact AskDWR c/o GIS Program Manager at askdwr@state.co.us with questions regarding this dataset.</cntInstr></rpCntInfo><role><RoleCd value="007"/></role></contact></resMaint><placeKeys xmlns=""><keyword>Yampa Basin</keyword><keyword>White Basin</keyword><keyword>Division 6</keyword><keyword>Colorado</keyword></placeKeys><tempKeys xmlns=""><keyword>2010</keyword></tempKeys><themeKeys xmlns=""><keyword>Surface Water</keyword><keyword>Irrigated Parcels</keyword><keyword>Irrigated Acreage</keyword><keyword>Ground Water</keyword><keyword>Irrigation</keyword></themeKeys><searchKeys><keyword>Yampa/White Basin</keyword><keyword>Surface Water</keyword><keyword>Irrigated Parcels</keyword><keyword>Division 6</keyword><keyword>Irrigated Acreage</keyword><keyword>2010</keyword><keyword>Ground Water</keyword><keyword>Irrigation</keyword><keyword>Colorado</keyword></searchKeys><resConst><LegConsts><useLimit>CWCB and CDWR provide no warranty to the users of this information as to the accuracy, reliability or completeness of the data. Information is subject to change according to additional input during subsequent phases of the CDSS project. The user assumes all responsibility for the use of this data.</useLimit></LegConsts></resConst><resConst><Consts><useLimit>&lt;DIV STYLE="text-align:Left;"&gt;&lt;DIV&gt;&lt;DIV&gt;&lt;P&gt;&lt;SPAN&gt;CWCB and CDWR provide no warranty to the users of this information as to the accuracy, reliability or completeness of the data. Information is subject to change according to additional input during subsequent phases of the CDSS project. The user assumes all responsibility for the use of this data.&lt;/SPAN&gt;&lt;/P&gt;&lt;/DIV&gt;&lt;/DIV&gt;&lt;/DIV&gt;</useLimit></Consts></resConst><spatRpType><SpatRepTypCd value="001"/></spatRpType><dataLang><languageCode value="eng"/><countryCode value="USA" Sync="TRUE"/></dataLang><dataChar><CharSetCd value="004"/></dataChar><dataExt xmlns=""><exDesc>Irrigated Lands in the Yampa/White and North Platte basins for the 2010 growing season.</exDesc><geoEle><GeoBndBox><exTypeCode>true</exTypeCode><westBL>-106.138143</westBL><eastBL>-102.050374</eastBL><southBL>38.837983</southBL><northBL>41.037074</northBL></GeoBndBox></geoEle><tempEle><TempExtent><exTemp><TM_Period gmlID="ID0ELH"><tmBegin>2010-04-01T00:00:00</tmBegin><tmEnd>2010-10-31T00:00:00</tmEnd></TM_Period></exTemp></TempExtent></tempEle></dataExt><idPoC xmlns=""><rpOrgName>CDWR</rpOrgName><rpPosName>GIS Program Manager</rpPosName><rpCntInfo xmlns=""><cntPhone><voiceNum tddtty="">303-866-3581</voiceNum></cntPhone><cntAddress addressType="both"><delPoint>1313 Sherman St., Room 821</delPoint><city>Denver</city><adminArea>Colorado</adminArea><postCode>80203</postCode><country>US</country><eMailAdd>https://dwr.state.co.us/Portal/dwr/AskDWR</eMailAdd></cntAddress><cntHours>M-F 8-5</cntHours></rpCntInfo><role><RoleCd value="007"/></role><displayName>Colorado Water Conservation Board</displayName><rpIndName>GIS Program Manager</rpIndName></idPoC><envirDesc Sync="TRUE"> Version 6.2 (Build 9200) ; Esri ArcGIS 10.5.1.7333</envirDesc><tpCat><TopicCatCd value="001"/></tpCat><dataExt><geoEle><GeoBndBox esriExtentType="search"><exTypeCode Sync="TRUE">1</exTypeCode><westBL Sync="TRUE">-109.108020</westBL><eastBL Sync="TRUE">-106.687809</eastBL><northBL Sync="TRUE">41.040411</northBL><southBL Sync="TRUE">39.621976</southBL></GeoBndBox></geoEle></dataExt></dataIdInfo><mdMaint xmlns=""><maintFreq><MaintFreqCd value="009"/></maintFreq></mdMaint><mdConst><Consts xmlns=""><useLimit>&lt;DIV STYLE="text-align:Left;"&gt;&lt;DIV&gt;&lt;DIV&gt;&lt;P&gt;&lt;SPAN&gt;CWCB and CDWR provide no warranty to the users of this information as to the accuracy, reliability or completeness of the data. Information is subject to change according to additional input during subsequent phases of the CDSS project. The user assumes all responsibility for the use of this data.&lt;/SPAN&gt;&lt;/P&gt;&lt;/DIV&gt;&lt;/DIV&gt;&lt;/DIV&gt;</useLimit></Consts></mdConst><dqInfo><dqScope><scpLvl><ScopeCd value="005"/></scpLvl></dqScope><dataLineage><prcStep><stepDesc>The Division 6, year 2005 dataset was copied and used as a base for the 2010 dataset. The dataset was used in combination with the 2011 NAIP aerial imagery to refine field boundaries and identify additional potentially irrigated fields based on a visual assessment.  Where applicable, 1993 and 2000 fields were added to accurately reflect conditions in 2010.
</stepDesc><stepDateTm>2012-04-02T00:00:00</stepDateTm><stepProc><rpOrgName>Colorado Water Conservation Board</rpOrgName><rpPosName>GIS Program Manager</rpPosName><role><RoleCd value="006"/></role><displayName>Colorado Water Conservation Board</displayName></stepProc></prcStep><prcStep><stepDesc>Multidate Landsat 5 images were composited and run through the NDVI model to obtain NDVI composites, which were then used to determine irrigated vs non-irrigated lands, and also where fields needed to be divided for potentially different crops. 
Ground truth fields were used to determine specific crop signatures using the NDVI composites, via the Zonal Statistics tool in ERDAS on each imagery date. These signatures were then combined in Excel and outliers were removed from the ground truth pool. 
</stepDesc><stepDateTm>2012-10-01T00:00:00</stepDateTm><stepProc><rpOrgName>Colorado Water Conservation Board</rpOrgName><rpPosName>GIS Program Manager</rpPosName><role><RoleCd value="006"/></role><displayName>Colorado Water Conservation Board</displayName></stepProc></prcStep><prcStep><stepDesc>Imagery Classification: A supervised classification was run on the Landsat composite imagery using half of the ground truth fields. The remaining half was used for accuracy assessment. 
The Zonal Statistics tool in ERDAS was used to determine the Majority crop type for each parcel. 
</stepDesc><stepDateTm>2013-01-02T00:00:00</stepDateTm><stepProc><rpOrgName>Colorado Water Conservation Board</rpOrgName><rpPosName>GIS Program Manager</rpPosName><role><RoleCd value="006"/></role><displayName>Colorado Water Conservation Board</displayName></stepProc></prcStep><prcStep><stepDesc>Crop Type assignment: Crop types were assigned based on the classified majority crop type in each parcel. Where satellite images overlapped, crop type was assigned based on the most accurate scene analysis. Fields initially determined to be fallow during the field boundary and NDVI review, or classified as fallow, were double checked for accuracy. Parcels noted as orchards in 1993 or 2005 were checked and reclassified as orchard where applicable, as well as those parcels notes as orchard during the field boundary review. 
</stepDesc><stepDateTm>2013-07-01T00:00:00</stepDateTm><stepProc><rpOrgName>Colorado Water Conservation Board</rpOrgName><rpPosName>GIS Program Manager</rpPosName><role><RoleCd value="006"/></role><displayName>Colorado Water Conservation Board</displayName></stepProc></prcStep><prcStep><stepDesc>Additional updates were made to the 1993 dataset in 2014 as a result of investigations into diversions on major structures.  Through discussions with water commissioners, changes were made to structure assignments and field boundaries.   Additional lands were added where needed, and some lands were removed.  Surface water COV fields were also removed from the dataset.  Percentages associated with multiple structures on a parcel will be handled by the models and detailed in coding in HydroBase.
</stepDesc><stepDateTm>2014-07-01T00:00:00</stepDateTm><stepProc><rpOrgName>Colorado Water Conservation Board</rpOrgName><rpPosName>GIS Program Manager</rpPosName><role><RoleCd value="006"/></role><displayName>Colorado Water Conservation Board</displayName></stepProc></prcStep><prcStep><stepDesc>QA/QC The data was checked for topology errors, and final crop types were assigned from the classification work. In cases where crop type had been provided by the commissioners, that crop was treated the same as a ground truth parcel and assigned if it conflicted with the classified crop. 
Irrigated parcels were checked again in a QAQC procedure to ensure they comply with CDSS standards. This included checking all attributes including: all SW_COV attributes total 100, SW_WDID attributes are not duplicated, all SW_WDID attributes exist in the structure table of HydroBase. Edits and adjustments were made accordingly. All parcels comply with CDSS standards. 
</stepDesc><stepDateTm>2014-12-01T00:00:00</stepDateTm><stepProc><rpOrgName>Colorado Water Conservation Board</rpOrgName><rpPosName>GIS Program Manager</rpPosName><role><RoleCd value="006"/></role><displayName>Colorado Water Conservation Board</displayName></stepProc></prcStep></dataLineage></dqInfo><refSysInfo><RefSystem><refSysID><identCode code="26913"/><idCodeSpace Sync="TRUE">EPSG</idCodeSpace><idVersion Sync="TRUE">6.13(3.0.1)</idVersion></refSysID></RefSystem></refSysInfo><eainfo><detailed Name="Div6_Irrig_2010"><enttyp><enttypl Sync="TRUE">Div6_Irrig_2010</enttypl><enttypd>Irrigated Lands</enttypd><enttypds>CDWR</enttypds><enttypt Sync="TRUE">Feature Class</enttypt><enttypc Sync="TRUE">0</enttypc></enttyp><attr><attrlabl Sync="TRUE">FID</attrlabl><attalias Sync="TRUE">FID</attalias><attrtype Sync="TRUE">OID</attrtype><attwidth Sync="TRUE">4</attwidth><atprecis Sync="TRUE">0</atprecis><attscale Sync="TRUE">0</attscale><attrdef Sync="TRUE">Internal feature number.</attrdef><attrdefs Sync="TRUE">Esri</attrdefs><attrdomv><udom Sync="TRUE">Sequential unique whole numbers that are automatically generated.</udom></attrdomv></attr><attr><attrlabl>SHAPE</attrlabl><attrdef>Feature geometry.</attrdef><attrdefs>Esri</attrdefs><attrdomv><udom>Coordinates defining the features.</udom></attrdomv><attalias Sync="TRUE">Shape</attalias><attrtype Sync="TRUE">Geometry</attrtype><attwidth Sync="TRUE">0</attwidth><atprecis Sync="TRUE">0</atprecis><attscale Sync="TRUE">0</attscale></attr><attr><attrlabl>CAL_YEAR</attrlabl><attrdef>Year of Irrigated Lands Study Period</attrdef><attrdefs>CDWR</attrdefs><attalias Sync="TRUE">CAL_YEAR</attalias><attrtype Sync="TRUE">Integer</attrtype><attwidth Sync="TRUE">10</attwidth><atprecis Sync="TRUE">10</atprecis><attscale Sync="TRUE">0</attscale></attr><attr><attrlabl>DIV</attrlabl><attrdef>Water Division</attrdef><attrdefs>CDWR</attrdefs><attalias Sync="TRUE">DIV</attalias><attrtype Sync="TRUE">Integer</attrtype><attwidth Sync="TRUE">5</attwidth><atprecis Sync="TRUE">5</atprecis><attscale Sync="TRUE">0</attscale></attr><attr><attrlabl>DISTRICT</attrlabl><attrdef>Water District</attrdef><attrdefs>CDWR</attrdefs><attalias Sync="TRUE">DISTRICT</attalias><attrtype Sync="TRUE">Integer</attrtype><attwidth Sync="TRUE">5</attwidth><atprecis Sync="TRUE">5</atprecis><attscale Sync="TRUE">0</attscale></attr><attr><attrlabl>PARCEL_ID</attrlabl><attrdef>Unique ID of Every Parcel in Dataset</attrdef><attrdefs>CDWR</attrdefs><attalias Sync="TRUE">PARCEL_ID</attalias><attrtype Sync="TRUE">Integer</attrtype><attwidth Sync="TRUE">10</attwidth><atprecis Sync="TRUE">10</atprecis><attscale Sync="TRUE">0</attscale></attr><attr><attrlabl>MASTER_ID</attrlabl><attrdef>Relational ID to used to relate irrigation sources to irrigated lands.</attrdef><attrdefs>CDWR</attrdefs><attalias Sync="TRUE">MASTER_ID</attalias><attrtype Sync="TRUE">Integer</attrtype><attwidth Sync="TRUE">10</attwidth><atprecis Sync="TRUE">10</atprecis><attscale Sync="TRUE">0</attscale></attr><attr><attrlabl>CROP_TYPE</attrlabl><attrdef>Crop Type of Irrigated Parcel</attrdef><attrdefs>CDWR</attrdefs><attrdomv><udom>ALFALFA
BARLEY
BLUEGRASS
CORN
CORN_GRAIN
CORN_SILAGE
COTTON
COVER_CROP
DRY_BEANS
GRAPES
GRASS_PASTURE
NEW_ALFALFA
NO_CROP
ORCHARD_WITH_COVER
ORCHARD_WO_COVER
POTATOES
SMALL_GRAINS
SNAP_BEANS
SOD_FARM
SORGHUM_GRAIN
SPRING_GRAIN
SUGAR_BEETS
SUNFLOWER
SWEET_CORN
VEGETABLES
WHEAT
WHEAT_FALL
WHEAT_SPRING</udom></attrdomv><attalias Sync="TRUE">CROP_TYPE</attalias><attrtype Sync="TRUE">String</attrtype><attwidth Sync="TRUE">20</attwidth><atprecis Sync="TRUE">0</atprecis><attscale Sync="TRUE">0</attscale></attr><attr><attrlabl>CROP_SRC</attrlabl><attrdef>Crop Type Information Source</attrdef><attrdefs>CDWR</attrdefs><attrdomv><edom><edomv>NASS</edomv><edomvd>National Agricultural Statistics Service Cropland Data Layer</edomvd><edomvds>CDWR</edomvds></edom><edom><edomv>SAT</edomv><edomvd>Interpreted from NDVI Satellite Imagery Analysis</edomvd><edomvds>CDWR</edomvds></edom><edom><edomv>FIELD</edomv><edomvd>Field Observered</edomvd><edomvds>CDWR</edomvds></edom><edom><edomv>INTERP</edomv><edomvd>Interpreted from Multiple Sources</edomvd><edomvds>CDWR</edomvds></edom></attrdomv><attalias Sync="TRUE">CROP_SRC</attalias><attrtype Sync="TRUE">String</attrtype><attwidth Sync="TRUE">15</attwidth><atprecis Sync="TRUE">0</atprecis><attscale Sync="TRUE">0</attscale></attr><attr><attrlabl>PERENNIAL</attrlabl><attrdef>Designates whether crop is perennial.</attrdef><attrdefs>CDWR</attrdefs><attalias Sync="TRUE">PERENNIAL</attalias><attrtype Sync="TRUE">String</attrtype><attwidth Sync="TRUE">5</attwidth><atprecis Sync="TRUE">0</atprecis><attscale Sync="TRUE">0</attscale></attr><attr><attrlabl>IRRIG_TYPE</attrlabl><attrdef>Irrigation Method</attrdef><attrdefs>CDWR</attrdefs><attrdomv><edom><edomv>FLOOD</edomv><edomvd>Flood Irriagted Land</edomvd><edomvds>CDWR</edomvds></edom><edom><edomv>SPRINKLER</edomv><edomvd>Sprinkler Irrigated Land</edomvd><edomvds>CDWR</edomvds></edom></attrdomv><attalias Sync="TRUE">IRRIG_TYPE</attalias><attrtype Sync="TRUE">String</attrtype><attwidth Sync="TRUE">15</attwidth><atprecis Sync="TRUE">0</atprecis><attscale Sync="TRUE">0</attscale></attr><attr><attrlabl>ACRES</attrlabl><attrdef>Acreage of Irrigated Lands</attrdef><attrdefs>CDWR</attrdefs><attalias Sync="TRUE">ACRES</attalias><attrtype Sync="TRUE">Double</attrtype><attwidth Sync="TRUE">19</attwidth><atprecis Sync="TRUE">0</atprecis><attscale Sync="TRUE">0</attscale></attr><attr><attrlabl>SW_WDID1</attrlabl><attrdef>Water District ID (WDID) of Surface Water Irrigation Source</attrdef><attrdefs>CDWR</attrdefs><attalias Sync="TRUE">SW_WDID1</attalias><attrtype Sync="TRUE">String</attrtype><attwidth Sync="TRUE">10</attwidth><atprecis Sync="TRUE">0</atprecis><attscale Sync="TRUE">0</attscale></attr><attr><attrlabl>SW_WDID2</attrlabl><attrdef>Water District ID (WDID) of Surface Water Irrigation Source</attrdef><attrdefs>CDWR</attrdefs><attalias Sync="TRUE">SW_WDID2</attalias><attrtype Sync="TRUE">String</attrtype><attwidth Sync="TRUE">10</attwidth><atprecis Sync="TRUE">0</atprecis><attscale Sync="TRUE">0</attscale></attr><attr><attrlabl>SW_WDID3</attrlabl><attrdef>Water District ID (WDID) of Surface Water Irrigation Source</attrdef><attrdefs>CDWR</attrdefs><attalias Sync="TRUE">SW_WDID3</attalias><attrtype Sync="TRUE">String</attrtype><attwidth Sync="TRUE">10</attwidth><atprecis Sync="TRUE">0</atprecis><attscale Sync="TRUE">0</attscale></attr><attr><attrlabl>SW_WDID4</attrlabl><attrdef>Water District ID (WDID) of Surface Water Irrigation Source</attrdef><attrdefs>CDWR</attrdefs><attalias Sync="TRUE">SW_WDID4</attalias><attrtype Sync="TRUE">String</attrtype><attwidth Sync="TRUE">10</attwidth><atprecis Sync="TRUE">0</atprecis><attscale Sync="TRUE">0</attscale></attr><attr><attrlabl>SW_WDID5</attrlabl><attrdef>Water District ID (WDID) of Surface Water Irrigation Source</attrdef><attrdefs>CDWR</attrdefs><attalias Sync="TRUE">SW_WDID5</attalias><attrtype Sync="TRUE">String</attrtype><attwidth Sync="TRUE">10</attwidth><atprecis Sync="TRUE">0</atprecis><attscale Sync="TRUE">0</attscale></attr><attr><attrlabl>SW_WDID6</attrlabl><attrdef>Water District ID (WDID) of Surface Water Irrigation Source</attrdef><attrdefs>CDWR</attrdefs><attalias Sync="TRUE">SW_WDID6</attalias><attrtype Sync="TRUE">String</attrtype><attwidth Sync="TRUE">10</attwidth><atprecis Sync="TRUE">0</atprecis><attscale Sync="TRUE">0</attscale></attr><attr><attrlabl>SW_WDID7</attrlabl><attrdef>Water District ID (WDID) of Surface Water Irrigation Source</attrdef><attrdefs>CDWR</attrdefs><attalias Sync="TRUE">SW_WDID7</attalias><attrtype Sync="TRUE">String</attrtype><attwidth Sync="TRUE">10</attwidth><atprecis Sync="TRUE">0</atprecis><attscale Sync="TRUE">0</attscale></attr><attr><attrlabl>SW_WDID8</attrlabl><attrdef>Water District ID (WDID) of Surface Water Irrigation Source</attrdef><attrdefs>CDWR</attrdefs><attalias Sync="TRUE">SW_WDID8</attalias><attrtype Sync="TRUE">String</attrtype><attwidth Sync="TRUE">10</attwidth><atprecis Sync="TRUE">0</atprecis><attscale Sync="TRUE">0</attscale></attr><attr><attrlabl>SW_WDID9</attrlabl><attrdef>Water District ID (WDID) of Surface Water Irrigation Source</attrdef><attrdefs>CDWR</attrdefs><attalias Sync="TRUE">SW_WDID9</attalias><attrtype Sync="TRUE">String</attrtype><attwidth Sync="TRUE">10</attwidth><atprecis Sync="TRUE">0</atprecis><attscale Sync="TRUE">0</attscale></attr><attr><attrlabl>GW_TYPE1</attrlabl><attrdef>Type of Ground Water Irrigation Source ID. </attrdef><attrdefs>CDWR</attrdefs><attrdomv><edom><edomv>WDID</edomv><edomvd>Water District ID</edomvd><edomvds>CDWR</edomvds></edom><edom><edomv>RECEIPT</edomv><edomvd>Well Permit Receipt Number</edomvd><edomvds>CDWR</edomvds></edom></attrdomv><attalias Sync="TRUE">GW_TYPE1</attalias><attrtype Sync="TRUE">String</attrtype><attwidth Sync="TRUE">10</attwidth><atprecis Sync="TRUE">0</atprecis><attscale Sync="TRUE">0</attscale></attr><attr><attrlabl>GW_ID1</attrlabl><attrdef>Unique ID of Groundwater Irrigation Source.</attrdef><attrdefs>CDWR</attrdefs><attalias Sync="TRUE">GW_ID1</attalias><attrtype Sync="TRUE">String</attrtype><attwidth Sync="TRUE">10</attwidth><atprecis Sync="TRUE">0</atprecis><attscale Sync="TRUE">0</attscale></attr><attr><attrlabl>GW_CLASS1</attrlabl><attrdef>Defines how groundwater irrigation source was applied to irrigated land.</attrdef><attrdefs>CDWR</attrdefs><attrdomv><edom><edomv>1</edomv><edomvd>Field Verified</edomvd><edomvds>CDWR</edomvds></edom><edom><edomv>2</edomv><edomvd>Explicit Permit/Decree Description</edomvd><edomvds>CDWR</edomvds></edom><edom><edomv>3</edomv><edomvd>Vague Permit/Decree Description</edomvd><edomvds>CDWR</edomvds></edom></attrdomv><attalias Sync="TRUE">GW_CLASS1</attalias><attrtype Sync="TRUE">String</attrtype><attwidth Sync="TRUE">2</attwidth><atprecis Sync="TRUE">0</atprecis><attscale Sync="TRUE">0</attscale></attr><attr><attrlabl>GW_TYPE2</attrlabl><attrdef>Type of Ground Water Irrigation Source ID.</attrdef><attrdefs>CDWR</attrdefs><attrdomv><edom><edomv>WDID</edomv><edomvd>Water District ID</edomvd><edomvds>CDWR</edomvds></edom><edom><edomv>RECEIPT</edomv><edomvd>Well Permit Receipt Number</edomvd><edomvds>CDWR</edomvds></edom></attrdomv><attalias Sync="TRUE">GW_TYPE2</attalias><attrtype Sync="TRUE">String</attrtype><attwidth Sync="TRUE">10</attwidth><atprecis Sync="TRUE">0</atprecis><attscale Sync="TRUE">0</attscale></attr><attr><attrlabl>GW_ID2</attrlabl><attrdef>Unique ID of Groundwater Irrigation Source.</attrdef><attrdefs>CDWR</attrdefs><attalias Sync="TRUE">GW_ID2</attalias><attrtype Sync="TRUE">String</attrtype><attwidth Sync="TRUE">10</attwidth><atprecis Sync="TRUE">0</atprecis><attscale Sync="TRUE">0</attscale></attr><attr><attrlabl>GW_CLASS2</attrlabl><attrdef>Defines how groundwater irrigation source was applied to irrigated land.</attrdef><attrdefs>CDWR</attrdefs><attrdomv><edom><edomv>1</edomv><edomvd>Field Verified</edomvd><edomvds>CDWR</edomvds></edom><edom><edomv>2</edomv><edomvd>Explicit Permit/Decree Description</edomvd><edomvds>CDWR</edomvds></edom><edom><edomv>3</edomv><edomvd>Vague Permit/Decree Description</edomvd><edomvds>CDWR</edomvds></edom></attrdomv><attalias Sync="TRUE">GW_CLASS2</attalias><attrtype Sync="TRUE">String</attrtype><attwidth Sync="TRUE">2</attwidth><atprecis Sync="TRUE">0</atprecis><attscale Sync="TRUE">0</attscale></attr><attr><attrlabl>GW_TYPE3</attrlabl><attrdef>Type of Ground Water Irrigation Source ID.</attrdef><attrdefs>CDWR</attrdefs><attrdomv><edom><edomv>WDID</edomv><edomvd>Water District ID</edomvd><edomvds>CDWR</edomvds></edom><edom><edomv>RECEIPT</edomv><edomvd>Well Permit Receipt Number</edomvd><edomvds>CDWR</edomvds></edom></attrdomv><attalias Sync="TRUE">GW_TYPE3</attalias><attrtype Sync="TRUE">String</attrtype><attwidth Sync="TRUE">10</attwidth><atprecis Sync="TRUE">0</atprecis><attscale Sync="TRUE">0</attscale></attr><attr><attrlabl>GW_ID3</attrlabl><attrdef>Unique ID of Groundwater Irrigation Source.</attrdef><attrdefs>CDWR</attrdefs><attalias Sync="TRUE">GW_ID3</attalias><attrtype Sync="TRUE">String</attrtype><attwidth Sync="TRUE">10</attwidth><atprecis Sync="TRUE">0</atprecis><attscale Sync="TRUE">0</attscale></attr><attr><attrlabl>GW_CLASS3</attrlabl><attrdef>Defines how groundwater irrigation source was applied to irrigated land.</attrdef><attrdefs>CDWR</attrdefs><attrdomv><edom><edomv>1</edomv><edomvd>Field Verified</edomvd><edomvds>CDWR</edomvds></edom><edom><edomv>2</edomv><edomvd>Explicit Permit/Decree Description</edomvd><edomvds>CDWR</edomvds></edom><edom><edomv>3</edomv><edomvd>Vague Permit/Decree Description</edomvd><edomvds>CDWR</edomvds></edom></attrdomv><attalias Sync="TRUE">GW_CLASS3</attalias><attrtype Sync="TRUE">String</attrtype><attwidth Sync="TRUE">2</attwidth><atprecis Sync="TRUE">0</atprecis><attscale Sync="TRUE">0</attscale></attr><attr><attrlabl>GW_TYPE4</attrlabl><attrdef>Type of Ground Water Irrigation Source ID.</attrdef><attrdefs>CDWR</attrdefs><attrdomv><edom><edomv>WDID</edomv><edomvd>Water District ID</edomvd><edomvds>CDWR</edomvds></edom><edom><edomv>RECEIPT</edomv><edomvd>Well Permit Receipt Number</edomvd><edomvds>CDWR</edomvds></edom></attrdomv><attalias Sync="TRUE">GW_TYPE4</attalias><attrtype Sync="TRUE">String</attrtype><attwidth Sync="TRUE">10</attwidth><atprecis Sync="TRUE">0</atprecis><attscale Sync="TRUE">0</attscale></attr><attr><attrlabl>GW_ID4</attrlabl><attrdef>Unique ID of Groundwater Irrigation Source.</attrdef><attrdefs>CDWR</attrdefs><attalias Sync="TRUE">GW_ID4</attalias><attrtype Sync="TRUE">String</attrtype><attwidth Sync="TRUE">10</attwidth><atprecis Sync="TRUE">0</atprecis><attscale Sync="TRUE">0</attscale></attr><attr><attrlabl>GW_CLASS4</attrlabl><attrdef>Defines how groundwater irrigation source was applied to irrigated land.</attrdef><attrdefs>CDWR</attrdefs><attrdomv><edom><edomv>1</edomv><edomvd>Field Verified</edomvd><edomvds>CDWR</edomvds></edom><edom><edomv>2</edomv><edomvd>Explicit Permit/Decree Description</edomvd><edomvds>CDWR</edomvds></edom><edom><edomv>3</edomv><edomvd>Vague Permit/Decree Description</edomvd><edomvds>CDWR</edomvds></edom></attrdomv><attalias Sync="TRUE">GW_CLASS4</attalias><attrtype Sync="TRUE">String</attrtype><attwidth Sync="TRUE">2</attwidth><atprecis Sync="TRUE">0</atprecis><attscale Sync="TRUE">0</attscale></attr><attr><attrlabl>GW_TYPE5</attrlabl><attrdef>Type of Ground Water Irrigation Source ID.</attrdef><attrdefs>CDWR</attrdefs><attrdomv><edom><edomv>WDID</edomv><edomvd>Water District ID</edomvd><edomvds>CDWR</edomvds></edom><edom><edomv>RECEIPT</edomv><edomvd>Well Permit Receipt Number</edomvd><edomvds>CDWR</edomvds></edom></attrdomv><attalias Sync="TRUE">GW_TYPE5</attalias><attrtype Sync="TRUE">String</attrtype><attwidth Sync="TRUE">10</attwidth><atprecis Sync="TRUE">0</atprecis><attscale Sync="TRUE">0</attscale></attr><attr><attrlabl>GW_ID5</attrlabl><attrdef>Unique ID of Groundwater Irrigation Source.</attrdef><attrdefs>CDWR</attrdefs><attalias Sync="TRUE">GW_ID5</attalias><attrtype Sync="TRUE">String</attrtype><attwidth Sync="TRUE">10</attwidth><atprecis Sync="TRUE">0</atprecis><attscale Sync="TRUE">0</attscale></attr><attr><attrlabl>GW_CLASS5</attrlabl><attrdef>Defines how groundwater irrigation source was applied to irrigated land.</attrdef><attrdefs>CDWR</attrdefs><attrdomv><edom><edomv>1</edomv><edomvd>Field Verified</edomvd><edomvds>CDWR</edomvds></edom><edom><edomv>2</edomv><edomvd>Explicit Permit/Decree Description</edomvd><edomvds>CDWR</edomvds></edom><edom><edomv>3</edomv><edomvd>Vague Permit/Decree Description</edomvd><edomvds>CDWR</edomvds></edom></attrdomv><attalias Sync="TRUE">GW_CLASS5</attalias><attrtype Sync="TRUE">String</attrtype><attwidth Sync="TRUE">2</attwidth><atprecis Sync="TRUE">0</atprecis><attscale Sync="TRUE">0</attscale></attr><attr><attrlabl>GW_TYPE6</attrlabl><attrdef>Type of Ground Water Irrigation Source ID.</attrdef><attrdefs>CDWR</attrdefs><attrdomv><edom><edomv>WDID</edomv><edomvd>Water District ID</edomvd><edomvds>CDWR</edomvds></edom><edom><edomv>RECEIPT</edomv><edomvd>Well Permit Receipt Number</edomvd><edomvds>CDWR</edomvds></edom></attrdomv><attalias Sync="TRUE">GW_TYPE6</attalias><attrtype Sync="TRUE">String</attrtype><attwidth Sync="TRUE">10</attwidth><atprecis Sync="TRUE">0</atprecis><attscale Sync="TRUE">0</attscale></attr><attr><attrlabl>GW_ID6</attrlabl><attrdef>Unique ID of Groundwater Irrigation Source.</attrdef><attrdefs>CDWR</attrdefs><attalias Sync="TRUE">GW_ID6</attalias><attrtype Sync="TRUE">String</attrtype><attwidth Sync="TRUE">10</attwidth><atprecis Sync="TRUE">0</atprecis><attscale Sync="TRUE">0</attscale></attr><attr><attrlabl>GW_CLASS6</attrlabl><attrdef>Defines how groundwater irrigation source was applied to irrigated land.</attrdef><attrdefs>CDWR</attrdefs><attrdomv><edom><edomv>1</edomv><edomvd>Field Verified</edomvd><edomvds>CDWR</edomvds></edom><edom><edomv>2</edomv><edomvd>Explicit Permit/Decree Description</edomvd><edomvds>CDWR</edomvds></edom><edom><edomv>3</edomv><edomvd>Vague Permit/Decree Description</edomvd><edomvds>CDWR</edomvds></edom></attrdomv><attalias Sync="TRUE">GW_CLASS6</attalias><attrtype Sync="TRUE">String</attrtype><attwidth Sync="TRUE">2</attwidth><atprecis Sync="TRUE">0</atprecis><attscale Sync="TRUE">0</attscale></attr><attr><attrlabl>GW_TYPE7</attrlabl><attrdef>Type of Ground Water Irrigation Source ID.</attrdef><attrdefs>CDWR</attrdefs><attrdomv><edom><edomv>WDID</edomv><edomvd>Water District ID</edomvd><edomvds>CDWR</edomvds></edom><edom><edomv>RECEIPT</edomv><edomvd>Well Permit Receipt Number</edomvd><edomvds>CDWR</edomvds></edom></attrdomv><attalias Sync="TRUE">GW_TYPE7</attalias><attrtype Sync="TRUE">String</attrtype><attwidth Sync="TRUE">10</attwidth><atprecis Sync="TRUE">0</atprecis><attscale Sync="TRUE">0</attscale></attr><attr><attrlabl>GW_ID7</attrlabl><attrdef>Unique ID of Groundwater Irrigation Source.</attrdef><attrdefs>CDWR</attrdefs><attalias Sync="TRUE">GW_ID7</attalias><attrtype Sync="TRUE">String</attrtype><attwidth Sync="TRUE">10</attwidth><atprecis Sync="TRUE">0</atprecis><attscale Sync="TRUE">0</attscale></attr><attr><attrlabl>GW_CLASS7</attrlabl><attrdef>Defines how groundwater irrigation source was applied to irrigated land.</attrdef><attrdefs>CDWR</attrdefs><attrdomv><edom><edomv>1</edomv><edomvd>Field Verified</edomvd><edomvds>CDWR</edomvds></edom><edom><edomv>2</edomv><edomvd>Explicit Permit/Decree Description</edomvd><edomvds>CDWR</edomvds></edom><edom><edomv>3</edomv><edomvd>Vague Permit/Decree Description</edomvd><edomvds>CDWR</edomvds></edom></attrdomv><attalias Sync="TRUE">GW_CLASS7</attalias><attrtype Sync="TRUE">String</attrtype><attwidth Sync="TRUE">2</attwidth><atprecis Sync="TRUE">0</atprecis><attscale Sync="TRUE">0</attscale></attr><attr><attrlabl>GW_TYPE8</attrlabl><attrdef>Type of Ground Water Irrigation Source ID.</attrdef><attrdefs>CDWR</attrdefs><attrdomv><edom><edomv>WDID</edomv><edomvd>Water District ID</edomvd><edomvds>CDWR</edomvds></edom><edom><edomv>RECEIPT</edomv><edomvd>Well Permit Receipt Number</edomvd><edomvds>CDWR</edomvds></edom></attrdomv><attalias Sync="TRUE">GW_TYPE8</attalias><attrtype Sync="TRUE">String</attrtype><attwidth Sync="TRUE">10</attwidth><atprecis Sync="TRUE">0</atprecis><attscale Sync="TRUE">0</attscale></attr><attr><attrlabl>GW_ID8</attrlabl><attrdef>Unique ID of Groundwater Irrigation Source.</attrdef><attrdefs>CDWR</attrdefs><attalias Sync="TRUE">GW_ID8</attalias><attrtype Sync="TRUE">String</attrtype><attwidth Sync="TRUE">10</attwidth><atprecis Sync="TRUE">0</atprecis><attscale Sync="TRUE">0</attscale></attr><attr><attrlabl>GW_CLASS8</attrlabl><attrdef>Defines how groundwater irrigation source was applied to irrigated land.</attrdef><attrdefs>CDWR</attrdefs><attrdomv><edom><edomv>1</edomv><edomvd>Field Verified</edomvd><edomvds>CDWR</edomvds></edom><edom><edomv>2</edomv><edomvd>Explicit Permit/Decree Description</edomvd><edomvds>CDWR</edomvds></edom><edom><edomv>3</edomv><edomvd>Vague Permit/Decree Description</edomvd><edomvds>CDWR</edomvds></edom></attrdomv><attalias Sync="TRUE">GW_CLASS8</attalias><attrtype Sync="TRUE">String</attrtype><attwidth Sync="TRUE">2</attwidth><atprecis Sync="TRUE">0</atprecis><attscale Sync="TRUE">0</attscale></attr><attr><attrlabl>GW_TYPE9</attrlabl><attrdef>Type of Ground Water Irrigation Source ID.</attrdef><attrdefs>CDWR</attrdefs><attrdomv><edom><edomv>WDID</edomv><edomvd>Water District ID</edomvd><edomvds>CDWR</edomvds></edom><edom><edomv>RECEIPT</edomv><edomvd>Well Permit Receipt Number</edomvd><edomvds>CDWR</edomvds></edom></attrdomv><attalias Sync="TRUE">GW_TYPE9</attalias><attrtype Sync="TRUE">String</attrtype><attwidth Sync="TRUE">10</attwidth><atprecis Sync="TRUE">0</atprecis><attscale Sync="TRUE">0</attscale></attr><attr><attrlabl>GW_ID9</attrlabl><attrdef>Unique ID of Groundwater Irrigation Source.</attrdef><attrdefs>CDWR</attrdefs><attalias Sync="TRUE">GW_ID9</attalias><attrtype Sync="TRUE">String</attrtype><attwidth Sync="TRUE">10</attwidth><atprecis Sync="TRUE">0</atprecis><attscale Sync="TRUE">0</attscale></attr><attr><attrlabl>GW_CLASS9</attrlabl><attrdef>Defines how groundwater irrigation source was applied to irrigated land.</attrdef><attrdefs>CDWR</attrdefs><attrdomv><edom><edomv>1</edomv><edomvd>Field Verified</edomvd><edomvds>CDWR</edomvds></edom><edom><edomv>2</edomv><edomvd>Explicit Permit/Decree Description</edomvd><edomvds>CDWR</edomvds></edom><edom><edomv>3</edomv><edomvd>Vague Permit/Decree Description</edomvd><edomvds>CDWR</edomvds></edom></attrdomv><attalias Sync="TRUE">GW_CLASS9</attalias><attrtype Sync="TRUE">String</attrtype><attwidth Sync="TRUE">2</attwidth><atprecis Sync="TRUE">0</atprecis><attscale Sync="TRUE">0</attscale></attr><attr><attrlabl>GW_TYPE10</attrlabl><attrdef>Type of Ground Water Irrigation Source ID.</attrdef><attrdefs>CDWR</attrdefs><attrdomv><edom><edomv>WDID</edomv><edomvd>Water District ID</edomvd><edomvds>CDWR</edomvds></edom><edom><edomv>RECEIPT</edomv><edomvd>Well Permit Receipt Number</edomvd><edomvds>CDWR</edomvds></edom></attrdomv><attalias Sync="TRUE">GW_TYPE10</attalias><attrtype Sync="TRUE">String</attrtype><attwidth Sync="TRUE">10</attwidth><atprecis Sync="TRUE">0</atprecis><attscale Sync="TRUE">0</attscale></attr><attr><attrlabl>GW_ID10</attrlabl><attrdef>Unique ID of Groundwater Irrigation Source.</attrdef><attrdefs>CDWR</attrdefs><attalias Sync="TRUE">GW_ID10</attalias><attrtype Sync="TRUE">String</attrtype><attwidth Sync="TRUE">10</attwidth><atprecis Sync="TRUE">0</atprecis><attscale Sync="TRUE">0</attscale></attr><attr><attrlabl>GW_CLASS10</attrlabl><attrdef>Defines how groundwater irrigation source was applied to irrigated land.</attrdef><attrdefs>CDWR</attrdefs><attrdomv><edom><edomv>1</edomv><edomvd>Field Verified</edomvd><edomvds>CDWR</edomvds></edom><edom><edomv>2</edomv><edomvd>Explicit Permit/Decree Description</edomvd><edomvds>CDWR</edomvds></edom><edom><edomv>3</edomv><edomvd>Vague Permit/Decree Description</edomvd><edomvds>CDWR</edomvds></edom></attrdomv><attalias Sync="TRUE">GW_CLASS10</attalias><attrtype Sync="TRUE">String</attrtype><attwidth Sync="TRUE">2</attwidth><atprecis Sync="TRUE">0</atprecis><attscale Sync="TRUE">0</attscale></attr><attr><attrlabl>GW_TYPE11</attrlabl><attrdef>Type of Ground Water Irrigation Source ID.</attrdef><attrdefs>CDWR</attrdefs><attrdomv><edom><edomv>WDID</edomv><edomvd>Water District ID</edomvd><edomvds>CDWR</edomvds></edom><edom><edomv>RECEIPT</edomv><edomvd>Well Permit Receipt Number</edomvd><edomvds>CDWR</edomvds></edom></attrdomv><attalias Sync="TRUE">GW_TYPE11</attalias><attrtype Sync="TRUE">String</attrtype><attwidth Sync="TRUE">10</attwidth><atprecis Sync="TRUE">0</atprecis><attscale Sync="TRUE">0</attscale></attr><attr><attrlabl>GW_ID11</attrlabl><attrdef>Unique ID of Groundwater Irrigation Source.</attrdef><attrdefs>CDWR</attrdefs><attalias Sync="TRUE">GW_ID11</attalias><attrtype Sync="TRUE">String</attrtype><attwidth Sync="TRUE">10</attwidth><atprecis Sync="TRUE">0</atprecis><attscale Sync="TRUE">0</attscale></attr><attr><attrlabl>GW_CLASS11</attrlabl><attrdef>Defines how groundwater irrigation source was applied to irrigated land.</attrdef><attrdefs>CDWR</attrdefs><attrdomv><edom><edomv>1</edomv><edomvd>Field Verified</edomvd><edomvds>CDWR</edomvds></edom><edom><edomv>2</edomv><edomvd>Explicit Permit/Decree Description</edomvd><edomvds>CDWR</edomvds></edom><edom><edomv>3</edomv><edomvd>Vague Permit/Decree Description</edomvd><edomvds>CDWR</edomvds></edom></attrdomv><attalias Sync="TRUE">GW_CLASS11</attalias><attrtype Sync="TRUE">String</attrtype><attwidth Sync="TRUE">2</attwidth><atprecis Sync="TRUE">0</atprecis><attscale Sync="TRUE">0</attscale></attr><attr><attrlabl>GW_TYPE12</attrlabl><attrdef>Type of Ground Water Irrigation Source ID.</attrdef><attrdefs>CDWR</attrdefs><attrdomv><edom><edomv>WDID</edomv><edomvd>Water District ID</edomvd><edomvds>CDWR</edomvds></edom><edom><edomv>RECEIPT</edomv><edomvd>Well Permit Receipt Number</edomvd><edomvds>CDWR</edomvds></edom></attrdomv><attalias Sync="TRUE">GW_TYPE12</attalias><attrtype Sync="TRUE">String</attrtype><attwidth Sync="TRUE">10</attwidth><atprecis Sync="TRUE">0</atprecis><attscale Sync="TRUE">0</attscale></attr><attr><attrlabl>GW_ID12</attrlabl><attrdef>Unique ID of Groundwater Irrigation Source.</attrdef><attrdefs>CDWR</attrdefs><attalias Sync="TRUE">GW_ID12</attalias><attrtype Sync="TRUE">String</attrtype><attwidth Sync="TRUE">10</attwidth><atprecis Sync="TRUE">0</atprecis><attscale Sync="TRUE">0</attscale></attr><attr><attrlabl>GW_CLASS12</attrlabl><attrdef>Defines how groundwater irrigation source was applied to irrigated land.</attrdef><attrdefs>CDWR</attrdefs><attrdomv><edom><edomv>1</edomv><edomvd>Field Verified</edomvd><edomvds>CDWR</edomvds></edom><edom><edomv>2</edomv><edomvd>Explicit Permit/Decree Description</edomvd><edomvds>CDWR</edomvds></edom><edom><edomv>3</edomv><edomvd>Vague Permit/Decree Description</edomvd><edomvds>CDWR</edomvds></edom></attrdomv><attalias Sync="TRUE">GW_CLASS12</attalias><attrtype Sync="TRUE">String</attrtype><attwidth Sync="TRUE">2</attwidth><atprecis Sync="TRUE">0</atprecis><attscale Sync="TRUE">0</attscale></attr><attr><attrlabl>GW_TYPE13</attrlabl><attrdef>Type of Ground Water Irrigation Source ID.</attrdef><attrdefs>CDWR</attrdefs><attrdomv><edom><edomv>WDID</edomv><edomvd>Water District ID</edomvd><edomvds>CDWR</edomvds></edom><edom><edomv>RECEIPT</edomv><edomvd>Well Permit Receipt Number</edomvd><edomvds>CDWR</edomvds></edom></attrdomv><attalias Sync="TRUE">GW_TYPE13</attalias><attrtype Sync="TRUE">String</attrtype><attwidth Sync="TRUE">10</attwidth><atprecis Sync="TRUE">0</atprecis><attscale Sync="TRUE">0</attscale></attr><attr><attrlabl>GW_ID13</attrlabl><attrdef>Unique ID of Groundwater Irrigation Source.</attrdef><attrdefs>CDWR</attrdefs><attalias Sync="TRUE">GW_ID13</attalias><attrtype Sync="TRUE">String</attrtype><attwidth Sync="TRUE">10</attwidth><atprecis Sync="TRUE">0</atprecis><attscale Sync="TRUE">0</attscale></attr><attr><attrlabl>GW_CLASS13</attrlabl><attrdef>Defines how groundwater irrigation source was applied to irrigated land.</attrdef><attrdefs>CDWR</attrdefs><attrdomv><edom><edomv>1</edomv><edomvd>Field Verified</edomvd><edomvds>CDWR</edomvds></edom><edom><edomv>2</edomv><edomvd>Explicit Permit/Decree Description</edomvd><edomvds>CDWR</edomvds></edom><edom><edomv>3</edomv><edomvd>Vague Permit/Decree Description</edomvd><edomvds>CDWR</edomvds></edom></attrdomv><attalias Sync="TRUE">GW_CLASS13</attalias><attrtype Sync="TRUE">String</attrtype><attwidth Sync="TRUE">2</attwidth><atprecis Sync="TRUE">0</atprecis><attscale Sync="TRUE">0</attscale></attr><attr><attrlabl>GW_TYPE14</attrlabl><attrdef>Type of Ground Water Irrigation Source ID.</attrdef><attrdefs>CDWR</attrdefs><attrdomv><edom><edomv>WDID</edomv><edomvd>Water District ID</edomvd><edomvds>CDWR</edomvds></edom><edom><edomv>RECEIPT</edomv><edomvd>Well Permit Receipt Number</edomvd><edomvds>CDWR</edomvds></edom></attrdomv><attalias Sync="TRUE">GW_TYPE14</attalias><attrtype Sync="TRUE">String</attrtype><attwidth Sync="TRUE">10</attwidth><atprecis Sync="TRUE">0</atprecis><attscale Sync="TRUE">0</attscale></attr><attr><attrlabl>GW_ID14</attrlabl><attrdef>Unique ID of Groundwater Irrigation Source.</attrdef><attrdefs>CDWR</attrdefs><attalias Sync="TRUE">GW_ID14</attalias><attrtype Sync="TRUE">String</attrtype><attwidth Sync="TRUE">10</attwidth><atprecis Sync="TRUE">0</atprecis><attscale Sync="TRUE">0</attscale></attr><attr><attrlabl>GW_CLASS14</attrlabl><attrdef>Defines how groundwater irrigation source was applied to irrigated land.</attrdef><attrdefs>CDWR</attrdefs><attrdomv><edom><edomv>1</edomv><edomvd>Field Verified</edomvd><edomvds>CDWR</edomvds></edom><edom><edomv>2</edomv><edomvd>Explicit Permit/Decree Description</edomvd><edomvds>CDWR</edomvds></edom></attrdomv><attalias Sync="TRUE">GW_CLASS14</attalias><attrtype Sync="TRUE">String</attrtype><attwidth Sync="TRUE">2</attwidth><atprecis Sync="TRUE">0</atprecis><attscale Sync="TRUE">0</attscale></attr><attr><attrlabl>GW_TYPE15</attrlabl><attrdef>Type of Ground Water Irrigation Source ID.</attrdef><attrdefs>CDWR</attrdefs><attrdomv><edom><edomv>WDID</edomv><edomvd>Water District ID</edomvd><edomvds>CDWR</edomvds></edom><edom><edomv>RECEIPT</edomv><edomvd>Well Permit Receipt Number</edomvd><edomvds>CDWR</edomvds></edom></attrdomv><attalias Sync="TRUE">GW_TYPE15</attalias><attrtype Sync="TRUE">String</attrtype><attwidth Sync="TRUE">10</attwidth><atprecis Sync="TRUE">0</atprecis><attscale Sync="TRUE">0</attscale></attr><attr><attrlabl>GW_ID15</attrlabl><attrdef>Unique ID of Groundwater Irrigation Source.</attrdef><attrdefs>CDWR</attrdefs><attalias Sync="TRUE">GW_ID15</attalias><attrtype Sync="TRUE">String</attrtype><attwidth Sync="TRUE">10</attwidth><atprecis Sync="TRUE">0</atprecis><attscale Sync="TRUE">0</attscale></attr><attr><attrlabl>GW_CLASS15</attrlabl><attrdef>Defines how groundwater irrigation source was applied to irrigated land.</attrdef><attrdefs>CDWR</attrdefs><attrdomv><edom><edomv>1</edomv><edomvd>Field Verified</edomvd><edomvds>CDWR</edomvds></edom><edom><edomv>2</edomv><edomvd>Explicit Permit/Decree Description</edomvd><edomvds>CDWR</edomvds></edom><edom><edomv>3</edomv><edomvd>Vague Permit/Decree Description</edomvd><edomvds>CDWR</edomvds></edom></attrdomv><attalias Sync="TRUE">GW_CLASS15</attalias><attrtype Sync="TRUE">String</attrtype><attwidth Sync="TRUE">2</attwidth><atprecis Sync="TRUE">0</atprecis><attscale Sync="TRUE">0</attscale></attr><attr><attrlabl>GW_TYPE16</attrlabl><attrdef>Type of Ground Water Irrigation Source ID.</attrdef><attrdefs>CDWR</attrdefs><attrdomv><edom><edomv>WDID</edomv><edomvd>Water District ID</edomvd><edomvds>CDWR</edomvds></edom><edom><edomv>RECEIPT</edomv><edomvd>Well Permit Receipt Number</edomvd><edomvds>CDWR</edomvds></edom></attrdomv><attalias Sync="TRUE">GW_TYPE16</attalias><attrtype Sync="TRUE">String</attrtype><attwidth Sync="TRUE">10</attwidth><atprecis Sync="TRUE">0</atprecis><attscale Sync="TRUE">0</attscale></attr><attr><attrlabl>GW_ID16</attrlabl><attrdef>Unique ID of Groundwater Irrigation Source.</attrdef><attrdefs>CDWR</attrdefs><attalias Sync="TRUE">GW_ID16</attalias><attrtype Sync="TRUE">String</attrtype><attwidth Sync="TRUE">10</attwidth><atprecis Sync="TRUE">0</atprecis><attscale Sync="TRUE">0</attscale></attr><attr><attrlabl>GW_CLASS16</attrlabl><attrdef>Defines how groundwater irrigation source was applied to irrigated land.</attrdef><attrdefs>CDWR</attrdefs><attrdomv><edom><edomv>1</edomv><edomvd>Field Verified</edomvd><edomvds>CDWR</edomvds></edom><edom><edomv>2</edomv><edomvd>Explicit Permit/Decree Description,</edomvd><edomvds>CDWR</edomvds></edom><edom><edomv>3</edomv><edomvd>Vague Permit/Decree Description</edomvd><edomvds>CDWR</edomvds></edom></attrdomv><attalias Sync="TRUE">GW_CLASS16</attalias><attrtype Sync="TRUE">String</attrtype><attwidth Sync="TRUE">2</attwidth><atprecis Sync="TRUE">0</atprecis><attscale Sync="TRUE">0</attscale></attr><attr><attrlabl>GW_TYPE17</attrlabl><attrdef>Type of Ground Water Irrigation Source ID.</attrdef><attrdefs>CDWR</attrdefs><attrdomv><edom><edomv>WDID</edomv><edomvd>Water District ID</edomvd><edomvds>CDWR</edomvds></edom><edom><edomv>RECEIPT</edomv><edomvd>Well Permit Receipt Number</edomvd><edomvds>CDWR</edomvds></edom></attrdomv><attalias Sync="TRUE">GW_TYPE17</attalias><attrtype Sync="TRUE">String</attrtype><attwidth Sync="TRUE">10</attwidth><atprecis Sync="TRUE">0</atprecis><attscale Sync="TRUE">0</attscale></attr><attr><attrlabl>GW_ID17</attrlabl><attrdef>Unique ID of Groundwater Irrigation Source.</attrdef><attrdefs>CDWR</attrdefs><attalias Sync="TRUE">GW_ID17</attalias><attrtype Sync="TRUE">String</attrtype><attwidth Sync="TRUE">10</attwidth><atprecis Sync="TRUE">0</atprecis><attscale Sync="TRUE">0</attscale></attr><attr><attrlabl>GW_CLASS17</attrlabl><attrdef>Defines how groundwater irrigation source was applied to irrigated land.</attrdef><attrdefs>CDWR</attrdefs><attrdomv><edom><edomv>1</edomv><edomvd>Field Verified</edomvd><edomvds>CDWR</edomvds></edom><edom><edomv>2</edomv><edomvd>Explicit Permit/Decree Description</edomvd><edomvds>CDWR</edomvds></edom><edom><edomv>3</edomv><edomvd>Vague Permit/Decree Description</edomvd><edomvds>CDWR</edomvds></edom></attrdomv><attalias Sync="TRUE">GW_CLASS17</attalias><attrtype Sync="TRUE">String</attrtype><attwidth Sync="TRUE">2</attwidth><atprecis Sync="TRUE">0</atprecis><attscale Sync="TRUE">0</attscale></attr><attr><attrlabl>GW_TYPE18</attrlabl><attrdef>Type of Ground Water Irrigation Source ID.</attrdef><attrdefs>CDWR</attrdefs><attrdomv><edom><edomv>WDID</edomv><edomvd>Water District ID</edomvd><edomvds>CDWR</edomvds></edom><edom><edomv>RECEIPT</edomv><edomvd>Well Permit Receipt Number</edomvd><edomvds>CDWR</edomvds></edom></attrdomv><attalias Sync="TRUE">GW_TYPE18</attalias><attrtype Sync="TRUE">String</attrtype><attwidth Sync="TRUE">10</attwidth><atprecis Sync="TRUE">0</atprecis><attscale Sync="TRUE">0</attscale></attr><attr><attrlabl>GW_ID18</attrlabl><attrdef>Unique ID of Groundwater Irrigation Source.</attrdef><attrdefs>CDWR</attrdefs><attalias Sync="TRUE">GW_ID18</attalias><attrtype Sync="TRUE">String</attrtype><attwidth Sync="TRUE">10</attwidth><atprecis Sync="TRUE">0</atprecis><attscale Sync="TRUE">0</attscale></attr><attr><attrlabl>GW_CLASS18</attrlabl><attrdef>Defines how groundwater irrigation source was applied to irrigated land.</attrdef><attrdefs>CDWR</attrdefs><attrdomv><edom><edomv>1</edomv><edomvd>Field Verified</edomvd><edomvds>CDWR</edomvds></edom><edom><edomv>2</edomv><edomvd>Explicit Permit/Decree Description</edomvd><edomvds>CDWR</edomvds></edom><edom><edomv>3</edomv><edomvd>Vague Permit/Decree Description</edomvd><edomvds>CDWR</edomvds></edom></attrdomv><attalias Sync="TRUE">GW_CLASS18</attalias><attrtype Sync="TRUE">String</attrtype><attwidth Sync="TRUE">2</attwidth><atprecis Sync="TRUE">0</atprecis><attscale Sync="TRUE">0</attscale></attr><attr><attrlabl>GW_TYPE19</attrlabl><attrdef>Type of Ground Water Irrigation Source ID.</attrdef><attrdefs>CDWR</attrdefs><attrdomv><edom><edomv>WDID</edomv><edomvd>Water District ID</edomvd><edomvds>CDWR</edomvds></edom><edom><edomv>RECEIPT</edomv><edomvd>Well Permit Receipt Number</edomvd><edomvds>CDWR</edomvds></edom></attrdomv><attalias Sync="TRUE">GW_TYPE19</attalias><attrtype Sync="TRUE">String</attrtype><attwidth Sync="TRUE">10</attwidth><atprecis Sync="TRUE">0</atprecis><attscale Sync="TRUE">0</attscale></attr><attr><attrlabl>GW_ID19</attrlabl><attrdef>Unique ID of Groundwater Irrigation Source.</attrdef><attrdefs>CDWR</attrdefs><attalias Sync="TRUE">GW_ID19</attalias><attrtype Sync="TRUE">String</attrtype><attwidth Sync="TRUE">10</attwidth><atprecis Sync="TRUE">0</atprecis><attscale Sync="TRUE">0</attscale></attr><attr><attrlabl>GW_CLASS19</attrlabl><attrdef>Defines how groundwater irrigation source was applied to irrigated land.</attrdef><attrdefs>CDWR</attrdefs><attrdomv><edom><edomv>1</edomv><edomvd>Field Verified</edomvd><edomvds>CDWR</edomvds></edom><edom><edomv>2</edomv><edomvd>Explicit Permit/Decree Description</edomvd><edomvds>CDWR</edomvds></edom><edom><edomv>3</edomv><edomvd>Vague Permit/Decree Description</edomvd><edomvds>CDWR</edomvds></edom></attrdomv><attalias Sync="TRUE">GW_CLASS19</attalias><attrtype Sync="TRUE">String</attrtype><attwidth Sync="TRUE">2</attwidth><atprecis Sync="TRUE">0</atprecis><attscale Sync="TRUE">0</attscale></attr><attr><attrlabl>GW_TYPE20</attrlabl><attrdef>Type of Ground Water Irrigation Source ID.</attrdef><attrdefs>CDWR</attrdefs><attrdomv><edom><edomv>WDID</edomv><edomvd>Water District ID</edomvd><edomvds>CDWR</edomvds></edom><edom><edomv>RECEIPT</edomv><edomvd>Well Permit Receipt Number</edomvd><edomvds>CDWR</edomvds></edom></attrdomv><attalias Sync="TRUE">GW_TYPE20</attalias><attrtype Sync="TRUE">String</attrtype><attwidth Sync="TRUE">10</attwidth><atprecis Sync="TRUE">0</atprecis><attscale Sync="TRUE">0</attscale></attr><attr><attrlabl>GW_ID20</attrlabl><attrdef>Unique ID of Groundwater Irrigation Source.</attrdef><attrdefs>CDWR</attrdefs><attalias Sync="TRUE">GW_ID20</attalias><attrtype Sync="TRUE">String</attrtype><attwidth Sync="TRUE">10</attwidth><atprecis Sync="TRUE">0</atprecis><attscale Sync="TRUE">0</attscale></attr><attr><attrlabl>GW_CLASS20</attrlabl><attrdef>Defines how groundwater irrigation source was applied to irrigated land.</attrdef><attrdefs>CDWR</attrdefs><attrdomv><edom><edomv>1</edomv><edomvd>Field Verified</edomvd><edomvds>CDWR</edomvds></edom><edom><edomv>2</edomv><edomvd>Explicit Permit/Decree Description</edomvd><edomvds>CDWR</edomvds></edom><edom><edomv>3</edomv><edomvd>Vague Permit/Decree Description</edomvd><edomvds>CDWR</edomvds></edom></attrdomv><attalias Sync="TRUE">GW_CLASS20</attalias><attrtype Sync="TRUE">String</attrtype><attwidth Sync="TRUE">2</attwidth><atprecis Sync="TRUE">0</atprecis><attscale Sync="TRUE">0</attscale></attr><attr><attrlabl Sync="TRUE">IRR</attrlabl><attalias Sync="TRUE">IRR</attalias><attrtype Sync="TRUE">String</attrtype><attwidth Sync="TRUE">8</attwidth><atprecis Sync="TRUE">0</atprecis><attscale Sync="TRUE">0</attscale></attr><attr><attrlabl Sync="TRUE">GWZONE</attrlabl><attalias Sync="TRUE">GWZONE</attalias><attrtype Sync="TRUE">Integer</attrtype><attwidth Sync="TRUE">5</attwidth><atprecis Sync="TRUE">5</atprecis><attscale Sync="TRUE">0</attscale></attr><attr><attrlabl Sync="TRUE">FARM_UNIT</attrlabl><attalias Sync="TRUE">FARM_UNIT</attalias><attrtype Sync="TRUE">String</attrtype><attwidth Sync="TRUE">50</attwidth><atprecis Sync="TRUE">0</atprecis><attscale Sync="TRUE">0</attscale></attr><attr><attrlabl>COMMENTS</attrlabl><attrdef>Comments</attrdef><attrdefs>CDWR</attrdefs><attalias Sync="TRUE">COMMENTS</attalias><attrtype Sync="TRUE">String</attrtype><attwidth Sync="TRUE">250</attwidth><atprecis Sync="TRUE">0</atprecis><attscale Sync="TRUE">0</attscale></attr><attr><attrlabl Sync="TRUE">SHAPE_Leng</attrlabl><attalias Sync="TRUE">SHAPE_Leng</attalias><attrtype Sync="TRUE">Double</attrtype><attwidth Sync="TRUE">19</attwidth><atprecis Sync="TRUE">0</atprecis><attscale Sync="TRUE">0</attscale></attr><attr><attrlabl>SHAPE_Area</attrlabl><attrdef>Area of feature in internal units squared.</attrdef><attrdefs>Esri</attrdefs><attrdomv><udom>Positive real numbers that are automatically generated.</udom></attrdomv><attalias Sync="TRUE">SHAPE_Area</attalias><attrtype Sync="TRUE">Double</attrtype><attwidth Sync="TRUE">19</attwidth><atprecis Sync="TRUE">0</atprecis><attscale Sync="TRUE">0</attscale></attr></detailed></eainfo><mdHrLvName Sync="TRUE">dataset</mdHrLvName><spatRepInfo><VectSpatRep><geometObjs Name="Div6_Irrig_2010"><geoObjTyp><GeoObjTypCd value="002" Sync="TRUE"></GeoObjTypCd></geoObjTyp><geoObjCnt Sync="TRUE">0</geoObjCnt></geometObjs><topLvl><TopoLevCd value="001" Sync="TRUE"></TopoLevCd></topLvl></VectSpatRep></spatRepInfo><spdoinfo><ptvctinf><esriterm Name="Div6_Irrig_2010"><efeatyp Sync="TRUE">Simple</efeatyp><efeageom code="4" Sync="TRUE"></efeageom><esritopo Sync="TRUE">FALSE</esritopo><efeacnt Sync="TRUE">0</efeacnt><spindex Sync="TRUE">FALSE</spindex><linrefer Sync="TRUE">FALSE</linrefer></esriterm></ptvctinf></spdoinfo><mdDateSt Sync="TRUE">20220422</mdDateSt></metadata>
