<metadata xml:lang="en"><Esri><CreaDate>20200319</CreaDate><CreaTime>12170200</CreaTime><ArcGISFormat>1.0</ArcGISFormat><ArcGISstyle>ISO 19139 Metadata Implementation Specification</ArcGISstyle><SyncOnce>FALSE</SyncOnce><DataProperties><itemProps><itemName Sync="TRUE">Div4_Irrig_2010</itemName><itemLocation><linkage Sync="TRUE">file://\\DNRDWRDEN2060\C$\000Aprocessing\Div4_Irrig_Shapefiles\Div4_Irrig_2010.shp</linkage><protocol Sync="TRUE">Local Area Network</protocol></itemLocation><nativeExtBox><westBL Sync="TRUE">146904.585400</westBL><eastBL Sync="TRUE">383953.096500</eastBL><southBL Sync="TRUE">4197330.909500</southBL><northBL Sync="TRUE">4336650.482400</northBL><exTypeCode Sync="TRUE">1</exTypeCode></nativeExtBox><relatedItems><item><itemName/></item><item><itemName Sync="TRUE">Ditch_To_Parcel_2010</itemName><itemType Sync="TRUE">Relationship</itemType></item></relatedItems><imsContentType Sync="TRUE">002</imsContentType><itemSize Sync="TRUE">0.000</itemSize></itemProps><coordRef><type Sync="TRUE">Projected</type><geogcsn Sync="TRUE">GCS_North_American_1983</geogcsn><csUnits Sync="TRUE">Linear Unit: Meter (1.000000)</csUnits><projcsn Sync="TRUE">NAD_1983_UTM_Zone_13N</projcsn><peXml Sync="TRUE">&lt;ProjectedCoordinateSystem xsi:type='typens:ProjectedCoordinateSystem' xmlns:xsi='http://www.w3.org/2001/XMLSchema-instance' xmlns:xs='http://www.w3.org/2001/XMLSchema' xmlns:typens='http://www.esri.com/schemas/ArcGIS/10.8'&gt;&lt;WKT&gt;PROJCS[&amp;quot;NAD_1983_UTM_Zone_13N&amp;quot;,GEOGCS[&amp;quot;GCS_North_American_1983&amp;quot;,DATUM[&amp;quot;D_North_American_1983&amp;quot;,SPHEROID[&amp;quot;GRS_1980&amp;quot;,6378137.0,298.257222101]],PRIMEM[&amp;quot;Greenwich&amp;quot;,0.0],UNIT[&amp;quot;Degree&amp;quot;,0.0174532925199433]],PROJECTION[&amp;quot;Transverse_Mercator&amp;quot;],PARAMETER[&amp;quot;False_Easting&amp;quot;,500000.0],PARAMETER[&amp;quot;False_Northing&amp;quot;,0.0],PARAMETER[&amp;quot;Central_Meridian&amp;quot;,-105.0],PARAMETER[&amp;quot;Scale_Factor&amp;quot;,0.9996],PARAMETER[&amp;quot;Latitude_Of_Origin&amp;quot;,0.0],UNIT[&amp;quot;Meter&amp;quot;,1.0],AUTHORITY[&amp;quot;EPSG&amp;quot;,26913]]&lt;/WKT&gt;&lt;XOrigin&gt;-5120900&lt;/XOrigin&gt;&lt;YOrigin&gt;-9998100&lt;/YOrigin&gt;&lt;XYScale&gt;450445547.3910538&lt;/XYScale&gt;&lt;ZOrigin&gt;-100000&lt;/ZOrigin&gt;&lt;ZScale&gt;10000&lt;/ZScale&gt;&lt;MOrigin&gt;-100000&lt;/MOrigin&gt;&lt;MScale&gt;10000&lt;/MScale&gt;&lt;XYTolerance&gt;0.001&lt;/XYTolerance&gt;&lt;ZTolerance&gt;0.001&lt;/ZTolerance&gt;&lt;MTolerance&gt;0.001&lt;/MTolerance&gt;&lt;HighPrecision&gt;true&lt;/HighPrecision&gt;&lt;WKID&gt;26913&lt;/WKID&gt;&lt;LatestWKID&gt;26913&lt;/LatestWKID&gt;&lt;/ProjectedCoordinateSystem&gt;</peXml></coordRef><lineage><Process ToolSource="c:\program files (x86)\arcgis\desktop10.5\ArcToolbox\Toolboxes\Data Management Tools.tbx\CalculateField" Date="20200506" Time="160421">CalculateField "Div 4\Div4_Irrig_2010" CROP_SRC "NASS" VB #</Process><Process ToolSource="c:\program files (x86)\arcgis\desktop10.5\ArcToolbox\Toolboxes\Data Management Tools.tbx\CalculateField" Date="20200506" Time="160431">CalculateField "Div 4\Div4_Irrig_2010" CAL_YEAR 2010 VB #</Process><Process ToolSource="c:\program files (x86)\arcgis\desktop10.5\ArcToolbox\Toolboxes\Data Management Tools.tbx\CalculateField" Date="20200511" Time="163031">CalculateField "Div 4\Div4_Irrig_2010" CAL_YEAR 2010 VB #</Process><Process ToolSource="c:\program files (x86)\arcgis\desktop10.5\ArcToolbox\Toolboxes\Data Management Tools.tbx\CalculateField" Date="20200511" Time="163733">CalculateField "Div 4\Div4_Irrig_2010" CROP_SRC "NASS" VB #</Process><Process ToolSource="c:\program files (x86)\arcgis\desktop10.5\ArcToolbox\Toolboxes\Data Management Tools.tbx\CalculateField" Date="20200511" Time="165610">CalculateField "Div 4\Div4_Irrig_2010" CROP_SRC "NASS" VB #</Process><Process ToolSource="c:\program files (x86)\arcgis\desktop10.5\ArcToolbox\Toolboxes\Data Management Tools.tbx\CalculateField" Date="20200511" Time="165622">CalculateField "Div 4\Div4_Irrig_2010" CAL_YEAR 2010 VB #</Process><Process ToolSource="c:\program files (x86)\arcgis\desktop10.5\ArcToolbox\Toolboxes\Data Management Tools.tbx\CalculateField" Date="20200515" Time="133647">CalculateField "Div 4\Div4_Irrig_2010" CROP_SRC "NASS" VB #</Process><Process ToolSource="c:\program files (x86)\arcgis\desktop10.5\ArcToolbox\Toolboxes\Data Management Tools.tbx\CalculateField" Date="20200515" Time="133701">CalculateField "Div 4\Div4_Irrig_2010" CAL_YEAR 2010 VB #</Process><Process ToolSource="c:\program files (x86)\arcgis\desktop10.5\ArcToolbox\Toolboxes\Data Management Tools.tbx\CalculateField" Date="20200515" Time="135129">CalculateField "Div 4\Div4_Irrig_2010" CROP_SRC "NASS" VB #</Process><Process ToolSource="c:\program files (x86)\arcgis\desktop10.5\ArcToolbox\Toolboxes\Data Management Tools.tbx\CalculateField" Date="20200515" Time="135142">CalculateField "Div 4\Div4_Irrig_2010" CAL_YEAR 2010 VB #</Process><Process ToolSource="c:\program files (x86)\arcgis\desktop10.5\ArcToolbox\Toolboxes\Data Management Tools.tbx\CalculateField" Date="20200515" Time="162100">CalculateField "Div 4\Div4_Irrig_2010" CROP_SRC "NASS" VB #</Process><Process ToolSource="c:\program files (x86)\arcgis\desktop10.5\ArcToolbox\Toolboxes\Data Management Tools.tbx\CalculateField" Date="20200515" Time="162115">CalculateField "Div 4\Div4_Irrig_2010" CAL_YEAR 2010 VB #</Process><Process ToolSource="c:\program files (x86)\arcgis\desktop10.5\ArcToolbox\Toolboxes\Data Management Tools.tbx\CalculateField" Date="20200518" Time="124829">CalculateField "Div 4\Div4_Irrig_2010" CROP_SRC "INTERP" VB #</Process><Process ToolSource="c:\program files (x86)\arcgis\desktop10.5\ArcToolbox\Toolboxes\Data Management Tools.tbx\CalculateField" Date="20200518" Time="124839">CalculateField "Div 4\Div4_Irrig_2010" CAL_YEAR 2010 VB #</Process><Process ToolSource="c:\program files (x86)\arcgis\desktop10.5\ArcToolbox\Toolboxes\Data Management Tools.tbx\CalculateField" Date="20200518" Time="131628">CalculateField "Div 4\Div4_Irrig_2010" CROP_SRC "NASS" VB #</Process><Process ToolSource="c:\program files (x86)\arcgis\desktop10.5\ArcToolbox\Toolboxes\Data Management Tools.tbx\CalculateField" Date="20200518" Time="131649">CalculateField "Div 4\Div4_Irrig_2010" CAL_YEAR 2010 VB #</Process><Process ToolSource="c:\program files (x86)\arcgis\desktop10.5\ArcToolbox\Toolboxes\Data Management Tools.tbx\CalculateField" Date="20200518" Time="133342">CalculateField "Div 4\Div4_Irrig_2010" CAL_YEAR 2010 VB #</Process><Process ToolSource="c:\program files (x86)\arcgis\desktop10.5\ArcToolbox\Toolboxes\Data Management Tools.tbx\CalculateField" Date="20200518" Time="133352">CalculateField "Div 4\Div4_Irrig_2010" CROP_SRC "NASS" VB #</Process><Process ToolSource="c:\program files (x86)\arcgis\desktop10.5\ArcToolbox\Toolboxes\Data Management Tools.tbx\CalculateField" Date="20200518" Time="134618">CalculateField "Div 4\Div4_Irrig_2010" CROP_SRC "NASS" VB #</Process><Process ToolSource="c:\program files (x86)\arcgis\desktop10.5\ArcToolbox\Toolboxes\Data Management Tools.tbx\CalculateField" Date="20200518" Time="134634">CalculateField "Div 4\Div4_Irrig_2010" CAL_YEAR 2010 VB #</Process><Process ToolSource="c:\program files (x86)\arcgis\desktop10.5\ArcToolbox\Toolboxes\Data Management Tools.tbx\CalculateField" Date="20200518" Time="154353">CalculateField "Div 4\Div4_Irrig_2010" CROP_SRC "NASS" VB #</Process><Process ToolSource="c:\program files (x86)\arcgis\desktop10.5\ArcToolbox\Toolboxes\Data Management Tools.tbx\CalculateField" Date="20200518" Time="154404">CalculateField "Div 4\Div4_Irrig_2010" CAL_YEAR 2010 VB #</Process><Process ToolSource="c:\program files (x86)\arcgis\desktop10.5\ArcToolbox\Toolboxes\Data Management Tools.tbx\CalculateField" Date="20200520" Time="102453">CalculateField "Div 4\Div4_Irrig_2010" CAL_YEAR 2010 VB #</Process><Process ToolSource="c:\program files (x86)\arcgis\desktop10.5\ArcToolbox\Toolboxes\Data Management Tools.tbx\CalculateField" Date="20200520" Time="122409">CalculateField "Div 4\Div4_Irrig_2010" CAL_YEAR 2010 VB #</Process><Process ToolSource="c:\program files (x86)\arcgis\desktop10.5\ArcToolbox\Toolboxes\Data Management Tools.tbx\CalculateField" Date="20200520" Time="122418">CalculateField "Div 4\Div4_Irrig_2010" CROP_SRC "NASS" VB #</Process><Process ToolSource="c:\program files (x86)\arcgis\desktop10.5\ArcToolbox\Toolboxes\Data Management Tools.tbx\CalculateField" Date="20200520" Time="124339">CalculateField "Div 4\Div4_Irrig_2010" CROP_SRC "NASS" VB #</Process><Process ToolSource="c:\program files (x86)\arcgis\desktop10.5\ArcToolbox\Toolboxes\Data Management Tools.tbx\CalculateField" Date="20200520" Time="133626">CalculateField "Div 4\Div4_Irrig_2010" CROP_SRC "NASS" VB #</Process><Process ToolSource="c:\program files (x86)\arcgis\desktop10.5\ArcToolbox\Toolboxes\Data Management Tools.tbx\CalculateField" Date="20200520" Time="133646">CalculateField "Div 4\Div4_Irrig_2010" CAL_YEAR 2010 VB #</Process><Process ToolSource="c:\program files (x86)\arcgis\desktop10.5\ArcToolbox\Toolboxes\Data Management Tools.tbx\CalculateField" Date="20200520" Time="135046">CalculateField "Div 4\Div4_Irrig_2010" CROP_SRC "NASS" VB #</Process><Process ToolSource="c:\program files (x86)\arcgis\desktop10.5\ArcToolbox\Toolboxes\Data Management Tools.tbx\CalculateField" Date="20200520" Time="141941">CalculateField "Div 4\Div4_Irrig_2010" CROP_SRC "INTERP" VB #</Process><Process ToolSource="c:\program files (x86)\arcgis\desktop10.5\ArcToolbox\Toolboxes\Data Management Tools.tbx\CalculateField" Date="20200520" Time="141954">CalculateField "Div 4\Div4_Irrig_2010" CAL_YEAR 2010 VB #</Process><Process ToolSource="c:\program files (x86)\arcgis\desktop10.5\ArcToolbox\Toolboxes\Data Management Tools.tbx\CalculateField" Date="20200520" Time="142025">CalculateField "Div 4\Div4_Irrig_2010" CROP_SRC "NASS" VB #</Process><Process ToolSource="c:\program files (x86)\arcgis\desktop10.5\ArcToolbox\Toolboxes\Data Management Tools.tbx\CalculateField" Date="20200520" Time="142037">CalculateField "Div 4\Div4_Irrig_2010" CAL_YEAR 2010 VB #</Process><Process ToolSource="c:\program files (x86)\arcgis\desktop10.5\ArcToolbox\Toolboxes\Data Management Tools.tbx\CalculateField" Date="20200520" Time="144256">CalculateField "Div 4\Div4_Irrig_2010" CROP_SRC "NASS" VB #</Process><Process ToolSource="c:\program files (x86)\arcgis\desktop10.5\ArcToolbox\Toolboxes\Data Management Tools.tbx\CalculateField" Date="20200520" Time="144312">CalculateField "Div 4\Div4_Irrig_2010" CAL_YEAR 2010 VB #</Process><Process ToolSource="c:\program files (x86)\arcgis\desktop10.5\ArcToolbox\Toolboxes\Data Management Tools.tbx\CalculateField" Date="20200521" Time="154318">CalculateField "Div 4\Div4_Irrig_2010" CROP_SRC "INTERP" VB #</Process><Process ToolSource="c:\program files (x86)\arcgis\desktop10.5\ArcToolbox\Toolboxes\Data Management Tools.tbx\CalculateField" Date="20200521" Time="155257">CalculateField "Div 4\Div4_Irrig_2010" CROP_SRC "INTERP" VB #</Process><Process ToolSource="c:\program files (x86)\arcgis\desktop10.5\ArcToolbox\Toolboxes\Data Management Tools.tbx\CalculateField" Date="20200521" Time="155313">CalculateField "Div 4\Div4_Irrig_2010" CAL_YEAR 2010 VB #</Process><Process ToolSource="c:\program files (x86)\arcgis\desktop10.5\ArcToolbox\Toolboxes\Data Management Tools.tbx\CalculateField" Date="20200521" Time="160212">CalculateField "Div 4\Div4_Irrig_2010" CROP_SRC "NASS" VB #</Process><Process ToolSource="c:\program files (x86)\arcgis\desktop10.5\ArcToolbox\Toolboxes\Data Management Tools.tbx\CalculateField" Date="20200521" Time="160224">CalculateField "Div 4\Div4_Irrig_2010" CAL_YEAR 2010 VB #</Process><Process ToolSource="c:\program files (x86)\arcgis\desktop10.5\ArcToolbox\Toolboxes\Data Management Tools.tbx\CalculateField" Date="20200522" Time="113903">CalculateField "Div 4\Div4_Irrig_2010" CROP_SRC "NASS" VB #</Process><Process ToolSource="c:\program files (x86)\arcgis\desktop10.5\ArcToolbox\Toolboxes\Data Management Tools.tbx\CalculateField" Date="20200522" Time="113923">CalculateField "Div 4\Div4_Irrig_2010" CAL_YEAR 2010 VB #</Process><Process ToolSource="c:\program files (x86)\arcgis\desktop10.5\ArcToolbox\Toolboxes\Data Management Tools.tbx\CalculateField" Date="20200528" Time="132347">CalculateField "Div 4\Div4_Irrig_2010" CAL_YEAR 2010 VB #</Process><Process ToolSource="c:\program files (x86)\arcgis\desktop10.5\ArcToolbox\Toolboxes\Data Management Tools.tbx\CalculateField" Date="20200528" Time="132400">CalculateField "Div 4\Div4_Irrig_2010" CROP_SRC "INTERP" VB #</Process><Process ToolSource="c:\program files (x86)\arcgis\desktop10.5\ArcToolbox\Toolboxes\Data Management Tools.tbx\CalculateField" Date="20200528" Time="145703">CalculateField "Div 4\Div4_Irrig_2010" CROP_SRC "NASS" VB #</Process><Process ToolSource="c:\program files (x86)\arcgis\desktop10.5\ArcToolbox\Toolboxes\Data Management Tools.tbx\CalculateField" Date="20200528" Time="145717">CalculateField "Div 4\Div4_Irrig_2010" CAL_YEAR 2010 VB #</Process><Process ToolSource="c:\program files (x86)\arcgis\desktop10.5\ArcToolbox\Toolboxes\Data Management Tools.tbx\CalculateField" Date="20200528" Time="160817">CalculateField "Div 4\Div4_Irrig_2010" CROP_SRC "NASS" VB #</Process><Process ToolSource="c:\program files (x86)\arcgis\desktop10.5\ArcToolbox\Toolboxes\Data Management Tools.tbx\CalculateField" Date="20200528" Time="160835">CalculateField "Div 4\Div4_Irrig_2010" CAL_YEAR 2010 VB #</Process><Process ToolSource="c:\program files (x86)\arcgis\desktop10.5\ArcToolbox\Toolboxes\Data Management Tools.tbx\CalculateField" Date="20200529" Time="132123">CalculateField "Div 4\Div4_Irrig_2010" CROP_SRC "NASS" VB #</Process><Process ToolSource="c:\program files (x86)\arcgis\desktop10.5\ArcToolbox\Toolboxes\Data Management Tools.tbx\CalculateField" Date="20200529" Time="132148">CalculateField "Div 4\Div4_Irrig_2010" CAL_YEAR 2010 VB #</Process><Process ToolSource="c:\program files (x86)\arcgis\desktop10.5\ArcToolbox\Toolboxes\Data Management Tools.tbx\CalculateField" Date="20200529" Time="134839">CalculateField "Div 4\Div4_Irrig_2010" CROP_SRC "NASS" VB #</Process><Process ToolSource="c:\program files (x86)\arcgis\desktop10.5\ArcToolbox\Toolboxes\Data Management Tools.tbx\CalculateField" Date="20200529" Time="134920">CalculateField "Div 4\Div4_Irrig_2010" CAL_YEAR 2010 VB #</Process><Process ToolSource="c:\program files (x86)\arcgis\desktop10.5\ArcToolbox\Toolboxes\Data Management Tools.tbx\CalculateField" Date="20200529" Time="161425">CalculateField "Div 4\Div4_Irrig_2010" CROP_SRC "NASS" VB #</Process><Process ToolSource="c:\program files (x86)\arcgis\desktop10.5\ArcToolbox\Toolboxes\Data Management Tools.tbx\CalculateField" Date="20200529" Time="161548">CalculateField "Div 4\Div4_Irrig_2010" CAL_YEAR 2010 VB #</Process><Process ToolSource="c:\program files (x86)\arcgis\desktop10.5\ArcToolbox\Toolboxes\Data Management Tools.tbx\CalculateField" Date="20200605" Time="135956">CalculateField "Div 4\Div4_Irrig_2010" CAL_YEAR 2010 VB #</Process><Process ToolSource="c:\program files (x86)\arcgis\desktop10.5\ArcToolbox\Toolboxes\Data Management Tools.tbx\CalculateField" Date="20200605" Time="155401">CalculateField "Div 4\Div4_Irrig_2010" CAL_YEAR 2010 VB #</Process><Process ToolSource="c:\program files (x86)\arcgis\desktop10.5\ArcToolbox\Toolboxes\Data Management Tools.tbx\CalculateField" Date="20200608" Time="153402">CalculateField "Div 4\Div4_Irrig_2010" CROP_SRC "NASS" VB #</Process><Process ToolSource="c:\program files (x86)\arcgis\desktop10.5\ArcToolbox\Toolboxes\Data Management Tools.tbx\CalculateField" Date="20200608" Time="153426">CalculateField "Div 4\Div4_Irrig_2010" CAL_YEAR 2010 VB #</Process><Process ToolSource="c:\program files (x86)\arcgis\desktop10.5\ArcToolbox\Toolboxes\Data Management Tools.tbx\CalculateField" Date="20200610" Time="094824">CalculateField "Div 4\Div4_Irrig_2010" CROP_SRC "NASS" VB #</Process><Process ToolSource="c:\program files (x86)\arcgis\desktop10.5\ArcToolbox\Toolboxes\Data Management Tools.tbx\CalculateField" Date="20200610" Time="094851">CalculateField "Div 4\Div4_Irrig_2010" CAL_YEAR 2010 VB #</Process><Process ToolSource="c:\program files (x86)\arcgis\desktop10.5\ArcToolbox\Toolboxes\Data Management Tools.tbx\CalculateField" Date="20200610" Time="161200">CalculateField "Div 4\Div4_Irrig_2010" CROP_SRC "NASS" VB #</Process><Process ToolSource="c:\program files (x86)\arcgis\desktop10.5\ArcToolbox\Toolboxes\Data Management Tools.tbx\CalculateField" Date="20200610" Time="161217">CalculateField "Div 4\Div4_Irrig_2010" CAL_YEAR 2010 VB #</Process><Process ToolSource="c:\program files (x86)\arcgis\desktop10.5\ArcToolbox\Toolboxes\Data Management Tools.tbx\CalculateField" Date="20200610" Time="162607">CalculateField "Div 4\Div4_Irrig_2010" CROP_SRC "NASS" VB #</Process><Process ToolSource="c:\program files (x86)\arcgis\desktop10.5\ArcToolbox\Toolboxes\Data Management Tools.tbx\CalculateField" Date="20200610" Time="162618">CalculateField "Div 4\Div4_Irrig_2010" CAL_YEAR 2010 VB #</Process><Process ToolSource="c:\program files (x86)\arcgis\desktop10.5\ArcToolbox\Toolboxes\Data Management Tools.tbx\CalculateField" Date="20200611" Time="094509">CalculateField "Div 4\Div4_Irrig_2010" CROP_SRC "NASS" VB #</Process><Process ToolSource="c:\program files (x86)\arcgis\desktop10.5\ArcToolbox\Toolboxes\Data Management Tools.tbx\CalculateField" Date="20200611" Time="094522">CalculateField "Div 4\Div4_Irrig_2010" CAL_YEAR 2010 VB #</Process><Process ToolSource="c:\program files (x86)\arcgis\desktop10.5\ArcToolbox\Toolboxes\Data Management Tools.tbx\CalculateField" Date="20200611" Time="123601">CalculateField "Div 4\Div4_Irrig_2010" CROP_SRC "NASS" VB #</Process><Process ToolSource="c:\program files (x86)\arcgis\desktop10.5\ArcToolbox\Toolboxes\Data Management Tools.tbx\CalculateField" Date="20200611" Time="123614">CalculateField "Div 4\Div4_Irrig_2010" CAL_YEAR 2010 VB #</Process><Process ToolSource="c:\program files (x86)\arcgis\desktop10.5\ArcToolbox\Toolboxes\Data Management Tools.tbx\CalculateField" Date="20200611" Time="132614">CalculateField "Div 4\Div4_Irrig_2010" CROP_SRC "NASS" VB #</Process><Process ToolSource="c:\program files (x86)\arcgis\desktop10.5\ArcToolbox\Toolboxes\Data Management Tools.tbx\CalculateField" Date="20200611" Time="132655">CalculateField "Div 4\Div4_Irrig_2010" CAL_YEAR 2010 VB #</Process><Process ToolSource="c:\program files (x86)\arcgis\desktop10.5\ArcToolbox\Toolboxes\Data Management Tools.tbx\CalculateField" Date="20200611" Time="151309">CalculateField "Div 4\Div4_Irrig_2010" CROP_SRC "NASS" VB #</Process><Process ToolSource="c:\program files (x86)\arcgis\desktop10.5\ArcToolbox\Toolboxes\Data Management Tools.tbx\CalculateField" Date="20200611" Time="151326">CalculateField "Div 4\Div4_Irrig_2010" CAL_YEAR 2010 VB #</Process><Process ToolSource="c:\program files (x86)\arcgis\desktop10.5\ArcToolbox\Toolboxes\Data Management Tools.tbx\CalculateField" Date="20200612" Time="092311">CalculateField "Div 4\Div4_Irrig_2010" CROP_SRC "NASS" VB #</Process><Process ToolSource="c:\program files (x86)\arcgis\desktop10.5\ArcToolbox\Toolboxes\Data Management Tools.tbx\CalculateField" Date="20200612" Time="092324">CalculateField "Div 4\Div4_Irrig_2010" CAL_YEAR 2010 VB #</Process><Process ToolSource="c:\program files (x86)\arcgis\desktop10.5\ArcToolbox\Toolboxes\Data Management Tools.tbx\CalculateField" Date="20200612" Time="124203">CalculateField "Div 4\Div4_Irrig_2010" CAL_YEAR 2010 VB #</Process><Process ToolSource="c:\program files (x86)\arcgis\desktop10.5\ArcToolbox\Toolboxes\Data Management Tools.tbx\CalculateField" Date="20200612" Time="124952">CalculateField "Div 4\Div4_Irrig_2010" CAL_YEAR 2010 VB #</Process><Process ToolSource="c:\program files (x86)\arcgis\desktop10.5\ArcToolbox\Toolboxes\Data Management Tools.tbx\CalculateField" Date="20200612" Time="132955">CalculateField "Div 4\Div4_Irrig_2010" CAL_YEAR 2010 VB #</Process><Process ToolSource="c:\program files (x86)\arcgis\desktop10.5\ArcToolbox\Toolboxes\Data Management Tools.tbx\CalculateField" Date="20200612" Time="133700">CalculateField "Div 4\Div4_Irrig_2010" CROP_SRC "NASS" VB #</Process><Process ToolSource="c:\program files (x86)\arcgis\desktop10.5\ArcToolbox\Toolboxes\Data Management Tools.tbx\CalculateField" Date="20200612" Time="133717">CalculateField "Div 4\Div4_Irrig_2010" CAL_YEAR 2010 VB #</Process><Process ToolSource="c:\program files (x86)\arcgis\desktop10.5\ArcToolbox\Toolboxes\Data Management Tools.tbx\CalculateField" Date="20200612" Time="135725">CalculateField "Div 4\Div4_Irrig_2010" CAL_YEAR 2010 VB #</Process><Process ToolSource="c:\program files (x86)\arcgis\desktop10.5\ArcToolbox\Toolboxes\Data Management Tools.tbx\CalculateField" Date="20200615" Time="151254">CalculateField "Div 4\Div4_Irrig_2010" CROP_SRC "NASS" VB #</Process><Process ToolSource="c:\program files (x86)\arcgis\desktop10.5\ArcToolbox\Toolboxes\Data Management Tools.tbx\CalculateField" Date="20200615" Time="151310">CalculateField "Div 4\Div4_Irrig_2010" CAL_YEAR 2010 VB #</Process><Process ToolSource="c:\program files (x86)\arcgis\desktop10.5\ArcToolbox\Toolboxes\Data Management Tools.tbx\CalculateField" Date="20200616" Time="152114">CalculateField "Div 4\Div4_Irrig_2010" CROP_SRC "NASS" VB #</Process><Process ToolSource="c:\program files (x86)\arcgis\desktop10.5\ArcToolbox\Toolboxes\Data Management Tools.tbx\CalculateField" Date="20200616" Time="152131">CalculateField "Div 4\Div4_Irrig_2010" CAL_YEAR 2010 VB #</Process><Process ToolSource="c:\program files (x86)\arcgis\desktop10.5\ArcToolbox\Toolboxes\Data Management Tools.tbx\CalculateField" Date="20200616" Time="155742">CalculateField "Div 4\Div4_Irrig_2010" CROP_SRC "NASS" VB #</Process><Process ToolSource="c:\program files (x86)\arcgis\desktop10.5\ArcToolbox\Toolboxes\Data Management Tools.tbx\CalculateField" Date="20200617" Time="131809">CalculateField "Div 4\Div4_Irrig_2010" CAL_YEAR 2010 VB #</Process><Process ToolSource="c:\program files (x86)\arcgis\desktop10.5\ArcToolbox\Toolboxes\Data Management Tools.tbx\CalculateField" Date="20201019" Time="164535">CalculateField Div4\Div4_Irrig_2010 CAL_YEAR 2010 VB #</Process><Process ToolSource="c:\program files (x86)\arcgis\desktop10.5\ArcToolbox\Toolboxes\Data Management Tools.tbx\CalculateField" Date="20201019" Time="164549">CalculateField Div4\Div4_Irrig_2010 DIV 4 VB #</Process><Process ToolSource="c:\program files (x86)\arcgis\desktop10.5\ArcToolbox\Toolboxes\Data Management Tools.tbx\CalculateField" Date="20201019" Time="164612">CalculateField Div4\Div4_Irrig_2010 PARCEL_ID "[DIV] &amp; Right (("00" &amp; [DISTRICT]), 2) &amp; Right (("00000" &amp; [OBJECTID]), 5)" VB #</Process><Process ToolSource="c:\program files (x86)\arcgis\desktop10.5\ArcToolbox\Toolboxes\Data Management Tools.tbx\CalculateField" Date="20201019" Time="164746">CalculateField Div4\Div4_Irrig_2010 COMMENTS "" VB #</Process><Process ToolSource="c:\program files (x86)\arcgis\desktop10.5\ArcToolbox\Toolboxes\Data Management Tools.tbx\CalculateField" Date="20201019" Time="164757">CalculateField Div4\Div4_Irrig_2010 COMMENTS "" VB #</Process><Process ToolSource="c:\program files (x86)\arcgis\desktop10.5\ArcToolbox\Toolboxes\Data Management Tools.tbx\CalculateField" Date="20201019" Time="164819">CalculateField Div4\Div4_Irrig_2010 COMMENTS "" VB #</Process><Process ToolSource="c:\program files (x86)\arcgis\desktop10.5\ArcToolbox\Toolboxes\Data Management Tools.tbx\CalculateField" Date="20201019" Time="164828">CalculateField Div4\Div4_Irrig_2010 COMMENTS "" VB #</Process><Process ToolSource="c:\program files (x86)\arcgis\desktop10.5\ArcToolbox\Toolboxes\Data Management Tools.tbx\CalculateField" Date="20201019" Time="164837">CalculateField Div4\Div4_Irrig_2010 COMMENTS "" VB #</Process><Process ToolSource="c:\program files (x86)\arcgis\desktop10.5\ArcToolbox\Toolboxes\Data Management Tools.tbx\CalculateField" Date="20201019" Time="164849">CalculateField Div4\Div4_Irrig_2010 COMMENTS "" VB #</Process><Process ToolSource="c:\program files (x86)\arcgis\desktop10.5\ArcToolbox\Toolboxes\Data Management Tools.tbx\CalculateField" Date="20201019" Time="164929">CalculateField Div4\Div4_Irrig_2010 COMMENTS "" VB #</Process><Process ToolSource="c:\program files (x86)\arcgis\desktop10.5\ArcToolbox\Toolboxes\Data Management Tools.tbx\CalculateField" Date="20201019" Time="164942">CalculateField Div4\Div4_Irrig_2010 COMMENTS "" VB #</Process><Process ToolSource="c:\program files (x86)\arcgis\desktop10.5\ArcToolbox\Toolboxes\Data Management Tools.tbx\CalculateField" Date="20201019" Time="164953">CalculateField Div4\Div4_Irrig_2010 COMMENTS "" VB #</Process><Process ToolSource="c:\program files (x86)\arcgis\desktop10.8\ArcToolbox\Toolboxes\Data Management Tools.tbx\CalculateField" Date="20211026" Time="162821">CalculateField Div4\Div4_Irrig_2010 SW_WDID2 4000920 VB #</Process><Process ToolSource="c:\program files (x86)\arcgis\desktop10.8\ArcToolbox\Toolboxes\Data Management Tools.tbx\CalculateField" Date="20211026" Time="165532">CalculateField Div4\Div4_Irrig_2010 SW_WDID2 "6800690 " VB #</Process><Process ToolSource="c:\program files (x86)\arcgis\desktop10.8\ArcToolbox\Toolboxes\Data Management Tools.tbx\CalculateField" Date="20211110" Time="165610">CalculateField Div4\Div4_Irrig_2010 SW_WDID2 4000962 VB #</Process><Process ToolSource="c:\program files (x86)\arcgis\desktop10.8\ArcToolbox\Toolboxes\Data Management Tools.tbx\CalculateField" Date="20211118" Time="135812">CalculateField Div4\Div4_Irrig_2010 CAL_YEAR 2010 VB #</Process><Process ToolSource="c:\program files (x86)\arcgis\desktop10.8\ArcToolbox\Toolboxes\Data Management Tools.tbx\CalculateField" Date="20211118" Time="135836">CalculateField Div4\Div4_Irrig_2010 PARCEL_ID "[DIV] &amp; Right (("00" &amp; [DISTRICT]), 2) &amp; Right (("00000" &amp; [OBJECTID]), 5)" VB #</Process><Process ToolSource="c:\users\ckb\appdata\local\programs\arcgis\pro\Resources\ArcToolbox\toolboxes\Data Management Tools.tbx\CalculateField" Date="20220816" Time="110728">CalculateField Years\Div4_Irrig_2010 SW_WDID2 "4000730" "Python 3" # Text NO_ENFORCE_DOMAINS</Process><Process ToolSource="c:\program files (x86)\arcgis\desktop10.7\ArcToolbox\Toolboxes\Data Management Tools.tbx\CalculateField" Date="20220824" Time="142955">CalculateField Years\Div4_Irrig_2010 SW_WDID2 "" VB #</Process><Process ToolSource="c:\program files (x86)\arcgis\desktop10.7\ArcToolbox\Toolboxes\Data Management Tools.tbx\CalculateField" Date="20220824" Time="142958">CalculateField Years\Div4_Irrig_2010 SW_WDID3 "" VB #</Process><Process ToolSource="c:\program files (x86)\arcgis\desktop10.7\ArcToolbox\Toolboxes\Data Management Tools.tbx\CalculateField" Date="20220906" Time="095345">CalculateField Years\Div4_Irrig_2010 SW_WDID2 "" VB #</Process><Process ToolSource="c:\program files (x86)\arcgis\desktop10.7\ArcToolbox\Toolboxes\Data Management Tools.tbx\CalculateField" Date="20220916" Time="132523">CalculateField Years\Div4_Irrig_2010 PARCEL_ID "[DIV] &amp; Right (("00" &amp; [DISTRICT]), 2) &amp; Right (("00000" &amp; [OBJECTID]), 5)" VB #</Process><Process ToolSource="c:\program files (x86)\arcgis\desktop10.7\ArcToolbox\Toolboxes\Data Management Tools.tbx\CalculateField" Date="20220916" Time="132534">CalculateField Years\Div4_Irrig_2010 MASTER_ID "[OBJECTID] +100" VB #</Process><Process ToolSource="c:\program files (x86)\arcgis\desktop10.7\ArcToolbox\Toolboxes\Data Management Tools.tbx\CalculateField" Date="20220921" Time="090454">CalculateField Years\Div4_Irrig_2010 SW_WDID2 "4000508" VB #</Process><Process ToolSource="c:\program files (x86)\arcgis\desktop10.7\ArcToolbox\Toolboxes\Data Management Tools.tbx\CalculateField" Date="20220921" Time="090907">CalculateField Years\Div4_Irrig_2010 SW_WDID2 "4001230" VB #</Process><Process ToolSource="c:\program files (x86)\arcgis\desktop10.7\ArcToolbox\Toolboxes\Data Management Tools.tbx\CalculateField" Date="20220923" Time="103042">CalculateField Years\Div4_Irrig_2010 PARCEL_ID "[DIV] &amp; Right (("00" &amp; [DISTRICT]), 2) &amp; Right (("00000" &amp; [OBJECTID]), 5)" VB #</Process><Process ToolSource="c:\program files (x86)\arcgis\desktop10.7\ArcToolbox\Toolboxes\Data Management Tools.tbx\CalculateField" Date="20220923" Time="103053">CalculateField Years\Div4_Irrig_2010 MASTER_ID "[OBJECTID] +100" VB #</Process><Process ToolSource="c:\program files (x86)\arcgis\desktop10.7\ArcToolbox\Toolboxes\Data Management Tools.tbx\CalculateField" Date="20220923" Time="142350">CalculateField Years\Div4_Irrig_2010 SW_WDID2 "" VB #</Process><Process ToolSource="c:\program files (x86)\arcgis\desktop10.7\ArcToolbox\Toolboxes\Data Management Tools.tbx\CalculateField" Date="20220923" Time="145007">CalculateField Years\Div4_Irrig_2010 SW_WDID1 "4000656" VB #</Process><Process ToolSource="c:\program files (x86)\arcgis\desktop10.7\ArcToolbox\Toolboxes\Data Management Tools.tbx\CalculateField" Date="20220923" Time="145014">CalculateField Years\Div4_Irrig_2010 SW_WDID2 "" VB #</Process><Process ToolSource="c:\program files (x86)\arcgis\desktop10.7\ArcToolbox\Toolboxes\Data Management Tools.tbx\MultipartToSinglepart" Date="20220926" Time="143548">MultipartToSinglepart Div4_Irrig_2010 Y:\DWR_GIS\Data\DWR_Official_Datasets\GRDSS\GRDSS.gdb\GRDSS_Irrigated_Lands\Div4_Irrig_2010_SP</Process><Process ToolSource="c:\program files (x86)\arcgis\desktop10.7\ArcToolbox\Toolboxes\Data Management Tools.tbx\CalculateField" Date="20220926" Time="143809">CalculateField Div4_Irrig_2010_SP PARCEL_ID "[DIV] &amp; Right (("00" &amp; [DISTRICT]), 2) &amp; Right (("00000" &amp; [OBJECTID]), 5)" VB #</Process><Process ToolSource="c:\program files (x86)\arcgis\desktop10.7\ArcToolbox\Toolboxes\Data Management Tools.tbx\CalculateField" Date="20220926" Time="151746">CalculateField Div4_Irrig_2010_SP PARCEL_ID "[DIV] &amp; Right (("00" &amp; [DISTRICT]), 2) &amp; Right (("00000" &amp; [OBJECTID]), 5)" VB #</Process><Process ToolSource="c:\users\ckb\appdata\local\programs\arcgis\pro\Resources\ArcToolbox\toolboxes\Data Management Tools.tbx\CalculateField" Date="20231016" Time="090022">CalculateField Years\Div4_Irrig_2010 SW_WDID2 4004099 "Python 3" # Text NO_ENFORCE_DOMAINS</Process><Process ToolSource="c:\users\ckb\appdata\local\programs\arcgis\pro\Resources\ArcToolbox\toolboxes\Data Management Tools.tbx\CalculateField" Date="20231016" Time="092823">CalculateField Years\Div4_Irrig_2010 SW_WDID1 !SW_WDID2! "Python 3" # Text NO_ENFORCE_DOMAINS</Process><Process ToolSource="c:\users\ckb\appdata\local\programs\arcgis\pro\Resources\ArcToolbox\toolboxes\Data Management Tools.tbx\CalculateField" Date="20231102" Time="102342">CalculateField Years\Div4_Irrig_2010 SW_WDID1 4100538 "Python 3" # Text NO_ENFORCE_DOMAINS</Process><Process ToolSource="c:\users\ckb\appdata\local\programs\arcgis\pro\Resources\ArcToolbox\toolboxes\Data Management Tools.tbx\CalculateField" Date="20231102" Time="103141">CalculateField Years\Div4_Irrig_2010 SW_WDID1 4100542 "Python 3" # Text NO_ENFORCE_DOMAINS</Process><Process ToolSource="c:\users\ckb\appdata\local\programs\arcgis\pro\Resources\ArcToolbox\toolboxes\Data Management Tools.tbx\CalculateField" Date="20231113" Time="134421">CalculateField Years\Div4_Irrig_2010 SW_WDID1 4100527 "Python 3" # Text NO_ENFORCE_DOMAINS</Process><Process ToolSource="c:\users\ckb\appdata\local\programs\arcgis\pro\Resources\ArcToolbox\toolboxes\Data Management Tools.tbx\CalculateField" Date="20231113" Time="143839">CalculateField Years\Div4_Irrig_2010 SW_WDID1 4100534 "Python 3" # Text NO_ENFORCE_DOMAINS</Process><Process ToolSource="c:\users\ckb\appdata\local\programs\arcgis\pro\Resources\ArcToolbox\toolboxes\Data Management Tools.tbx\CalculateField" Date="20231114" Time="114914">CalculateField Years\Div4_Irrig_2010 SW_WDID1 4100577 "Python 3" # Text NO_ENFORCE_DOMAINS</Process><Process ToolSource="c:\users\ckb\appdata\local\programs\arcgis\pro\Resources\ArcToolbox\toolboxes\Data Management Tools.tbx\CalculateField" Date="20231114" Time="115904">CalculateField Years\Div4_Irrig_2010 SW_WDID2 4100554 "Python 3" # Text NO_ENFORCE_DOMAINS</Process><Process ToolSource="c:\users\ckb\appdata\local\programs\arcgis\pro\Resources\ArcToolbox\toolboxes\Data Management Tools.tbx\CalculateField" Date="20231114" Time="125101">CalculateField Years\Div4_Irrig_2010 SW_WDID2 4100519 "Python 3" # Text NO_ENFORCE_DOMAINS</Process><Process ToolSource="c:\users\ckb\appdata\local\programs\arcgis\pro\Resources\ArcToolbox\toolboxes\Data Management Tools.tbx\CalculateField" Date="20231114" Time="143123">CalculateField Years\Div4_Irrig_2010 SW_WDID1 4100533 "Python 3" # Text NO_ENFORCE_DOMAINS</Process><Process ToolSource="c:\users\ckb\appdata\local\programs\arcgis\pro\Resources\ArcToolbox\toolboxes\Data Management Tools.tbx\CalculateField" Date="20231115" Time="143621">CalculateField Years\Div4_Irrig_2010 SW_WDID1 4100566 "Python 3" # Text NO_ENFORCE_DOMAINS</Process><Process ToolSource="c:\users\ckb\appdata\local\programs\arcgis\pro\Resources\ArcToolbox\toolboxes\Data Management Tools.tbx\CalculateField" Date="20231115" Time="145453">CalculateField Years\Div4_Irrig_2010 SW_WDID2 4100671 "Python 3" # Text NO_ENFORCE_DOMAINS</Process></lineage></DataProperties><SyncDate>20231214</SyncDate><SyncTime>12435300</SyncTime><ModDate>20231214</ModDate><ModTime>12435300</ModTime><ArcGISProfile>ISO19139</ArcGISProfile><scaleRange><minScale>150000000</minScale><maxScale>5000</maxScale></scaleRange></Esri><mdLang><languageCode value="eng"/><countryCode value="USA" Sync="TRUE"></countryCode></mdLang><mdChar><CharSetCd value="004"/></mdChar><mdHrLv><ScopeCd value="005"/></mdHrLv><mdContact><editorSource>external</editorSource><editorDigest>61663d65590c6ca26dafda180bd9cf81</editorDigest><rpOrgName>Colorado Water Conservation Board</rpOrgName><rpPosName>GIS Program Manager</rpPosName><rpCntInfo><cntPhone><voiceNum>303-866-3441</voiceNum></cntPhone><cntAddress addressType="both"><delPoint>1313 Sherman St., Room 721</delPoint><city>Denver</city><adminArea>Colorado</adminArea><postCode>80203</postCode><country>US</country><eMailAdd>cdssnews@state.co.us</eMailAdd></cntAddress><cntHours>M-F 8-5</cntHours><cntInstr>Contact CWCB c/o GIS Program Manager at cdssnews@state.co.us with questions regarding this dataset.</cntInstr></rpCntInfo><role><RoleCd value="007"/></role><editorSave>True</editorSave><displayName>Colorado Water Conservation Board</displayName></mdContact><distInfo><distributor><distorCont><rpIndName>AskDWR</rpIndName><rpOrgName>Colorado Division of Water Resources</rpOrgName><rpCntInfo><cntPhone><voiceNum>303-866-3581</voiceNum></cntPhone><cntAddress addressType="both"><delPoint>1313 Sherman St</delPoint><city>Denver</city><adminArea>Colorado</adminArea><postCode>80203</postCode><country>US</country><eMailAdd>askdwr@state.co.us</eMailAdd></cntAddress><cntHours>M-F 8-5</cntHours><cntInstr>Contact AskDWR c/o GIS Program Manager at askdwr@state.co.us with questions regarding this dataset.</cntInstr></rpCntInfo><role><RoleCd value="005"/></role></distorCont></distributor><distFormat><formatVer>ArcGIS 10.1</formatVer><formatName Sync="TRUE">Shapefile</formatName></distFormat><distTranOps><transSize Sync="TRUE">0.000</transSize></distTranOps></distInfo><dataIdInfo><idCitation><date><pubDate>2014-07-01T00:00:00</pubDate></date><presForm><PresFormCd value="005"/></presForm><citRespParty><editorSource>external</editorSource><editorDigest>aee5f6835e7ff946ea6fee38fed4b1c1</editorDigest><rpOrgName>Colorado Water Conservation Board</rpOrgName><rpPosName>GIS Program Manager</rpPosName><role><RoleCd value="006"/></role><editorSave>True</editorSave><displayName>Colorado Water Conservation Board</displayName></citRespParty><citRespParty><editorSource>external</editorSource><editorDigest>61663d65590c6ca26dafda180bd9cf81</editorDigest><rpOrgName>Colorado Water Conservation Board</rpOrgName><rpPosName>GIS Program Manager</rpPosName><rpCntInfo><cntPhone><voiceNum>303-866-3441</voiceNum></cntPhone><cntAddress addressType="both"><delPoint>1313 Sherman St., Room 721</delPoint><city>Denver</city><adminArea>Colorado</adminArea><postCode>80203</postCode><country>US</country><eMailAdd>cdssnews@state.co.us</eMailAdd></cntAddress><cntHours>M-F 8-5</cntHours><cntInstr>Contact CWCB c/o GIS Program Manager at cdssnews@state.co.us with questions regarding this dataset.</cntInstr></rpCntInfo><role><RoleCd value="007"/></role><editorSave>True</editorSave><displayName>Colorado Water Conservation Board</displayName></citRespParty><resTitle Sync="TRUE">Div4_Irrig_2010</resTitle></idCitation><idAbs>&lt;DIV STYLE="text-align:Left;"&gt;&lt;DIV&gt;&lt;DIV&gt;&lt;P&gt;&lt;SPAN&gt;Spatial and informational database of irrigated parcels in Division 4 of the Gunnison Basin for the 2010 growing season in support of the CDSS.&lt;/SPAN&gt;&lt;/P&gt;&lt;/DIV&gt;&lt;/DIV&gt;&lt;/DIV&gt;</idAbs><idPurp>Input for CDSS.</idPurp><idCredit>CDSS funded by Colorado Water Conservation Board (CWCB) and Colorado Division of Water Resources (CDWR). Input to dataset from various water users including water commissioners, ditch companies, water management groups, and individual farmers.</idCredit><idStatus><ProgCd value="001"/></idStatus><resMaint><maintFreq><MaintFreqCd value="009"/></maintFreq><contact><rpIndName>AskDWR</rpIndName><rpOrgName>Colorado Division of Water Resources</rpOrgName><rpPosName>GIS Program Manager</rpPosName><rpCntInfo><cntPhone><voiceNum>303-866-3581</voiceNum></cntPhone><cntAddress><delPoint>1313 Sherman St</delPoint><city>Denver</city><adminArea>Colorado</adminArea><postCode>80203</postCode><country>US</country><eMailAdd>askdwr@state.co.us</eMailAdd></cntAddress><cntHours>M-F 8-5</cntHours><cntInstr>Contact AskDWR c/o GIS Program Manager at askdwr@state.co.us with questions regarding this dataset.</cntInstr></rpCntInfo><role><RoleCd value="007"/></role></contact></resMaint><placeKeys><keyword>Gunnison Basin</keyword><keyword>Division 4</keyword><keyword>Colorado</keyword></placeKeys><tempKeys><keyword>2010</keyword></tempKeys><themeKeys><keyword>Surface Water</keyword><keyword>Irrigated Parcels</keyword><keyword>Irrigated Acreage</keyword><keyword>Ground Water</keyword><keyword>Irrigation</keyword></themeKeys><searchKeys><keyword>Gunnison Basin</keyword><keyword>Surface Water</keyword><keyword>Irrigated Parcels</keyword><keyword>Division 4</keyword><keyword>Irrigated Acreage</keyword><keyword>2010</keyword><keyword>Ground Water</keyword><keyword>Irrigation</keyword><keyword>Colorado</keyword></searchKeys><resConst><LegConsts><useLimit>CWCB and CDWR provide no warranty to the users of this information as to the accuracy, reliability or completeness of the data. Information is subject to change according to additional input during subsequent phases of the CDSS project. The user assumes all responsibility for the use of this data.</useLimit></LegConsts></resConst><resConst><Consts><useLimit>&lt;DIV STYLE="text-align:Left;"&gt;&lt;DIV&gt;&lt;DIV&gt;&lt;P&gt;&lt;SPAN&gt;CWCB and CDWR provide no warranty to the users of this information as to the accuracy, reliability or completeness of the data. Information is subject to change according to additional input during subsequent phases of the CDSS project. The user assumes all responsibility for the use of this data.&lt;/SPAN&gt;&lt;/P&gt;&lt;/DIV&gt;&lt;/DIV&gt;&lt;/DIV&gt;</useLimit></Consts></resConst><spatRpType><SpatRepTypCd value="001"/></spatRpType><dataLang><languageCode value="eng"/><countryCode value="USA" Sync="TRUE"></countryCode></dataLang><dataChar><CharSetCd value="004"/></dataChar><dataExt><exDesc>Irrigated Lands in the Gunnison basin for the 2010 growing season.</exDesc><geoEle><GeoBndBox><exTypeCode>true</exTypeCode><westBL>-106.138143</westBL><eastBL>-102.050374</eastBL><southBL>38.837983</southBL><northBL>41.037074</northBL></GeoBndBox></geoEle><tempEle><TempExtent><exTemp><TM_Period gmlID="ID0ELH"><tmBegin>2010-04-01T00:00:00</tmBegin><tmEnd>2010-10-31T00:00:00</tmEnd></TM_Period></exTemp></TempExtent></tempEle></dataExt><idPoC><editorSource>external</editorSource><editorDigest>61663d65590c6ca26dafda180bd9cf81</editorDigest><rpOrgName>Colorado Water Conservation Board</rpOrgName><rpPosName>GIS Program Manager</rpPosName><rpCntInfo><cntPhone><voiceNum>303-866-3441</voiceNum></cntPhone><cntAddress addressType="both"><delPoint>1313 Sherman St., Room 721</delPoint><city>Denver</city><adminArea>Colorado</adminArea><postCode>80203</postCode><country>US</country><eMailAdd>cdssnews@state.co.us</eMailAdd></cntAddress><cntHours>M-F 8-5</cntHours><cntInstr>Contact CWCB c/o GIS Program Manager at cdssnews@state.co.us with questions regarding this dataset.</cntInstr></rpCntInfo><role><RoleCd value="007"/></role><editorSave>True</editorSave><displayName>Colorado Water Conservation Board</displayName></idPoC><tpCat><TopicCatCd value="001"/></tpCat><envirDesc Sync="TRUE"> Version 6.2 (Build 9200) ; Esri ArcGIS 10.9.1.28388</envirDesc><dataExt><geoEle><GeoBndBox esriExtentType="search"><exTypeCode Sync="TRUE">1</exTypeCode><westBL Sync="TRUE">-109.083178</westBL><eastBL Sync="TRUE">-106.320228</eastBL><northBL Sync="TRUE">39.171344</northBL><southBL Sync="TRUE">37.855076</southBL></GeoBndBox></geoEle></dataExt></dataIdInfo><mdMaint><maintFreq><MaintFreqCd value="009"/></maintFreq></mdMaint><mdConst><Consts><useLimit>&lt;DIV STYLE="text-align:Left;"&gt;&lt;DIV&gt;&lt;DIV&gt;&lt;P&gt;&lt;SPAN&gt;CWCB and CDWR provide no warranty to the users of this information as to the accuracy, reliability or completeness of the data. Information is subject to change according to additional input during subsequent phases of the CDSS project. The user assumes all responsibility for the use of this data.&lt;/SPAN&gt;&lt;/P&gt;&lt;/DIV&gt;&lt;/DIV&gt;&lt;/DIV&gt;</useLimit></Consts></mdConst><dqInfo><dqScope><scpLvl><ScopeCd value="005"/></scpLvl></dqScope><dataLineage><prcStep><stepDesc>Using the 2005 Irrigated Lands data as base, parcel boundaries were adjusted where needed using 2011 NAIP imagery.  Additional fields were added from the 1993 and 2000 datasets and adjusted after reviewing ground truth data and satellite imagery for irrigated parcels.</stepDesc><stepDateTm>2012-07-01T00:00:00</stepDateTm><stepProc><editorSource>external</editorSource><editorDigest>aee5f6835e7ff946ea6fee38fed4b1c1</editorDigest><rpOrgName>Colorado Water Conservation Board</rpOrgName><rpPosName>GIS Program Manager</rpPosName><role><RoleCd value="006"/></role><editorSave>True</editorSave><displayName>Colorado Water Conservation Board</displayName></stepProc></prcStep><prcStep><stepDesc>Crop Type: Crop types were determined by using a supervised classification method.  Ground truth data from water commissioners, along with NASS classification data was used to provide enough training signatures for each major crop.  After running the classification, zonal statistics were run to determine the majority crop type in each parcel.  Parcels with two major crops were reviewed for possible field splits and divided accordingly. </stepDesc><stepDateTm>2013-07-01T00:00:00</stepDateTm><stepProc><editorSource>external</editorSource><editorDigest>aee5f6835e7ff946ea6fee38fed4b1c1</editorDigest><rpOrgName>Colorado Water Conservation Board</rpOrgName><rpPosName>GIS Program Manager</rpPosName><role><RoleCd value="006"/></role><editorSave>True</editorSave><displayName>Colorado Water Conservation Board</displayName></stepProc></prcStep><prcStep><stepDesc>This data was checked for topology errors, and final crop types were assigned from the classification work. In cases where crop type had been provided by the commissioners, that crop was treated the same as a ground truth parcel and assigned if it conflicted with the classified crop. Irrigated parcels were checked again in a QAQC procedure to ensure they comply with CDSS standards. This included checking all attributes including: all SW_COV attributes total 100, SW_WDID attributes are not duplicated, all SW_WDID attributes exist in the structure table of HydroBase. Edits and adjustments were made accordingly. All parcels comply with CDSS standards.</stepDesc><stepDateTm>2012-07-01T00:00:00</stepDateTm><stepProc><editorSource>external</editorSource><editorDigest>61663d65590c6ca26dafda180bd9cf81</editorDigest><rpOrgName>Colorado Water Conservation Board</rpOrgName><rpPosName>GIS Program Manager</rpPosName><rpCntInfo><cntPhone><voiceNum>303-866-3441</voiceNum></cntPhone><cntAddress addressType="both"><delPoint>1313 Sherman St., Room 721</delPoint><city>Denver</city><adminArea>Colorado</adminArea><postCode>80203</postCode><country>US</country><eMailAdd>cdssnews@state.co.us</eMailAdd></cntAddress><cntHours>M-F 8-5</cntHours><cntInstr>Contact CWCB c/o GIS Program Manager at cdssnews@state.co.us with questions regarding this dataset.</cntInstr></rpCntInfo><role><RoleCd value="007"/></role><editorSave>True</editorSave><displayName>Colorado Water Conservation Board</displayName></stepProc></prcStep><prcStep><stepDesc>Additional updates were made to the 2010 dataset in 2014 as a result of investigations into diversions on major structures.  Through discussions with water commissioners, changes were made to structure assignments and field boundaries.   Additional lands were added where needed, and some lands were removed.  Surface water COV fields were also removed from the dataset.  Percentages associated with multiple structures on a parcel will be handled by the models and detailed in coding in HydroBase.</stepDesc><stepDateTm>2014-07-01T00:00:00</stepDateTm><stepProc><editorSource>external</editorSource><editorDigest>aee5f6835e7ff946ea6fee38fed4b1c1</editorDigest><rpOrgName>Colorado Water Conservation Board</rpOrgName><rpPosName>GIS Program Manager</rpPosName><role><RoleCd value="006"/></role><editorSave>True</editorSave><displayName>Colorado Water Conservation Board</displayName></stepProc></prcStep></dataLineage></dqInfo><refSysInfo><RefSystem><refSysID><identCode code="26913"/><idCodeSpace Sync="TRUE">EPSG</idCodeSpace><idVersion Sync="TRUE">6.11(3.0.1)</idVersion></refSysID></RefSystem></refSysInfo><eainfo><detailed Name="Div4_Irrig_2010"><enttyp><enttypl Sync="TRUE">Div4_Irrig_2010</enttypl><enttypd>Irrigated Lands</enttypd><enttypds>CDWR</enttypds><enttypt Sync="TRUE">Feature Class</enttypt><enttypc Sync="TRUE">0</enttypc></enttyp><attr><attrlabl Sync="TRUE">FID</attrlabl><attalias Sync="TRUE">FID</attalias><attrtype Sync="TRUE">OID</attrtype><attwidth Sync="TRUE">4</attwidth><atprecis Sync="TRUE">0</atprecis><attscale Sync="TRUE">0</attscale><attrdef Sync="TRUE">Internal feature number.</attrdef><attrdefs Sync="TRUE">Esri</attrdefs><attrdomv><udom Sync="TRUE">Sequential unique whole numbers that are automatically generated.</udom></attrdomv></attr><attr><attrlabl>SHAPE</attrlabl><attrdef>Feature geometry.</attrdef><attrdefs>Esri</attrdefs><attrdomv><udom>Coordinates defining the features.</udom></attrdomv><attalias Sync="TRUE">Shape</attalias><attrtype Sync="TRUE">Geometry</attrtype><attwidth Sync="TRUE">0</attwidth><atprecis Sync="TRUE">0</atprecis><attscale Sync="TRUE">0</attscale></attr><attr><attrlabl>CAL_YEAR</attrlabl><attrdef>Year of Irrigated Lands Study Period</attrdef><attrdefs>CDWR</attrdefs><attalias Sync="TRUE">CAL_YEAR</attalias><attrtype Sync="TRUE">Integer</attrtype><attwidth Sync="TRUE">10</attwidth><atprecis Sync="TRUE">10</atprecis><attscale Sync="TRUE">0</attscale></attr><attr><attrlabl>DIV</attrlabl><attrdef>Water Division</attrdef><attrdefs>CDWR</attrdefs><attalias Sync="TRUE">DIV</attalias><attrtype Sync="TRUE">Integer</attrtype><attwidth Sync="TRUE">5</attwidth><atprecis Sync="TRUE">5</atprecis><attscale Sync="TRUE">0</attscale></attr><attr><attrlabl>DISTRICT</attrlabl><attrdef>Water District</attrdef><attrdefs>CDWR</attrdefs><attalias Sync="TRUE">DISTRICT</attalias><attrtype Sync="TRUE">Integer</attrtype><attwidth Sync="TRUE">5</attwidth><atprecis Sync="TRUE">5</atprecis><attscale Sync="TRUE">0</attscale></attr><attr><attrlabl>PARCEL_ID</attrlabl><attrdef>Unique ID of Every Parcel in Dataset</attrdef><attrdefs>CDWR</attrdefs><attalias Sync="TRUE">PARCEL_ID</attalias><attrtype Sync="TRUE">Integer</attrtype><attwidth Sync="TRUE">10</attwidth><atprecis Sync="TRUE">10</atprecis><attscale Sync="TRUE">0</attscale></attr><attr><attrlabl>MASTER_ID</attrlabl><attrdef>Relational ID to used to relate irrigation sources to irrigated lands.</attrdef><attrdefs>CDWR</attrdefs><attalias Sync="TRUE">MASTER_ID</attalias><attrtype Sync="TRUE">Integer</attrtype><attwidth Sync="TRUE">10</attwidth><atprecis Sync="TRUE">10</atprecis><attscale Sync="TRUE">0</attscale></attr><attr><attrlabl>CROP_TYPE</attrlabl><attrdef>Crop Type of Irrigated Parcel</attrdef><attrdefs>CDWR</attrdefs><attrdomv><udom>ALFALFA
BARLEY
BLUEGRASS
CORN
CORN_GRAIN
CORN_SILAGE
COTTON
COVER_CROP
DRY_BEANS
GRAPES
GRASS_PASTURE
NEW_ALFALFA
NO_CROP
ORCHARD_WITH_COVER
ORCHARD_WO_COVER
POTATOES
SMALL_GRAINS
SNAP_BEANS
SOD_FARM
SORGHUM_GRAIN
SPRING_GRAIN
SUGAR_BEETS
SUNFLOWER
SWEET_CORN
VEGETABLES
WHEAT
WHEAT_FALL
WHEAT_SPRING</udom></attrdomv><attalias Sync="TRUE">CROP_TYPE</attalias><attrtype Sync="TRUE">String</attrtype><attwidth Sync="TRUE">20</attwidth><atprecis Sync="TRUE">0</atprecis><attscale Sync="TRUE">0</attscale></attr><attr><attrlabl>CROP_SRC</attrlabl><attrdef>Crop Type Information Source</attrdef><attrdefs>CDWR</attrdefs><attrdomv><edom><edomv>NASS</edomv><edomvd>National Agricultural Statistics Service Cropland Data Layer</edomvd><edomvds>CDWR</edomvds></edom><edom><edomv>SAT</edomv><edomvd>Interpreted from NDVI Satellite Imagery Analysis</edomvd><edomvds>CDWR</edomvds></edom><edom><edomv>FIELD</edomv><edomvd>Field Observered</edomvd><edomvds>CDWR</edomvds></edom><edom><edomv>INTERP</edomv><edomvd>Interpreted from Multiple Sources</edomvd><edomvds>CDWR</edomvds></edom></attrdomv><attalias Sync="TRUE">CROP_SRC</attalias><attrtype Sync="TRUE">String</attrtype><attwidth Sync="TRUE">15</attwidth><atprecis Sync="TRUE">0</atprecis><attscale Sync="TRUE">0</attscale></attr><attr><attrlabl>PERENNIAL</attrlabl><attrdef>Designates whether crop is perennial.</attrdef><attrdefs>CDWR</attrdefs><attalias Sync="TRUE">PERENNIAL</attalias><attrtype Sync="TRUE">String</attrtype><attwidth Sync="TRUE">5</attwidth><atprecis Sync="TRUE">0</atprecis><attscale Sync="TRUE">0</attscale></attr><attr><attrlabl>IRRIG_TYPE</attrlabl><attrdef>Irrigation Method</attrdef><attrdefs>CDWR</attrdefs><attrdomv><edom><edomv>FLOOD</edomv><edomvd>Flood Irriagted Land</edomvd><edomvds>CDWR</edomvds></edom><edom><edomv>SPRINKLER</edomv><edomvd>Sprinkler Irrigated Land</edomvd><edomvds>CDWR</edomvds></edom></attrdomv><attalias Sync="TRUE">IRRIG_TYPE</attalias><attrtype Sync="TRUE">String</attrtype><attwidth Sync="TRUE">15</attwidth><atprecis Sync="TRUE">0</atprecis><attscale Sync="TRUE">0</attscale></attr><attr><attrlabl>ACRES</attrlabl><attrdef>Acreage of Irrigated Lands</attrdef><attrdefs>CDWR</attrdefs><attalias Sync="TRUE">ACRES</attalias><attrtype Sync="TRUE">Double</attrtype><attwidth Sync="TRUE">19</attwidth><atprecis Sync="TRUE">0</atprecis><attscale Sync="TRUE">0</attscale></attr><attr><attrlabl>SW_WDID1</attrlabl><attrdef>Water District ID (WDID) of Surface Water Irrigation Source</attrdef><attrdefs>CDWR</attrdefs><attalias Sync="TRUE">SW_WDID1</attalias><attrtype Sync="TRUE">String</attrtype><attwidth Sync="TRUE">10</attwidth><atprecis Sync="TRUE">0</atprecis><attscale Sync="TRUE">0</attscale></attr><attr><attrlabl>SW_WDID2</attrlabl><attrdef>Water District ID (WDID) of Surface Water Irrigation Source</attrdef><attrdefs>CDWR</attrdefs><attalias Sync="TRUE">SW_WDID2</attalias><attrtype Sync="TRUE">String</attrtype><attwidth Sync="TRUE">10</attwidth><atprecis Sync="TRUE">0</atprecis><attscale Sync="TRUE">0</attscale></attr><attr><attrlabl>SW_WDID3</attrlabl><attrdef>Water District ID (WDID) of Surface Water Irrigation Source</attrdef><attrdefs>CDWR</attrdefs><attalias Sync="TRUE">SW_WDID3</attalias><attrtype Sync="TRUE">String</attrtype><attwidth Sync="TRUE">10</attwidth><atprecis Sync="TRUE">0</atprecis><attscale Sync="TRUE">0</attscale></attr><attr><attrlabl>SW_WDID4</attrlabl><attrdef>Water District ID (WDID) of Surface Water Irrigation Source</attrdef><attrdefs>CDWR</attrdefs><attalias Sync="TRUE">SW_WDID4</attalias><attrtype Sync="TRUE">String</attrtype><attwidth Sync="TRUE">10</attwidth><atprecis Sync="TRUE">0</atprecis><attscale Sync="TRUE">0</attscale></attr><attr><attrlabl>SW_WDID5</attrlabl><attrdef>Water District ID (WDID) of Surface Water Irrigation Source</attrdef><attrdefs>CDWR</attrdefs><attalias Sync="TRUE">SW_WDID5</attalias><attrtype Sync="TRUE">String</attrtype><attwidth Sync="TRUE">10</attwidth><atprecis Sync="TRUE">0</atprecis><attscale Sync="TRUE">0</attscale></attr><attr><attrlabl>SW_WDID6</attrlabl><attrdef>Water District ID (WDID) of Surface Water Irrigation Source</attrdef><attrdefs>CDWR</attrdefs><attalias Sync="TRUE">SW_WDID6</attalias><attrtype Sync="TRUE">String</attrtype><attwidth Sync="TRUE">10</attwidth><atprecis Sync="TRUE">0</atprecis><attscale Sync="TRUE">0</attscale></attr><attr><attrlabl>SW_WDID7</attrlabl><attrdef>Water District ID (WDID) of Surface Water Irrigation Source</attrdef><attrdefs>CDWR</attrdefs><attalias Sync="TRUE">SW_WDID7</attalias><attrtype Sync="TRUE">String</attrtype><attwidth Sync="TRUE">10</attwidth><atprecis Sync="TRUE">0</atprecis><attscale Sync="TRUE">0</attscale></attr><attr><attrlabl>SW_WDID8</attrlabl><attrdef>Water District ID (WDID) of Surface Water Irrigation Source</attrdef><attrdefs>CDWR</attrdefs><attalias Sync="TRUE">SW_WDID8</attalias><attrtype Sync="TRUE">String</attrtype><attwidth Sync="TRUE">10</attwidth><atprecis Sync="TRUE">0</atprecis><attscale Sync="TRUE">0</attscale></attr><attr><attrlabl>SW_WDID9</attrlabl><attrdef>Water District ID (WDID) of Surface Water Irrigation Source</attrdef><attrdefs>CDWR</attrdefs><attalias Sync="TRUE">SW_WDID9</attalias><attrtype Sync="TRUE">String</attrtype><attwidth Sync="TRUE">10</attwidth><atprecis Sync="TRUE">0</atprecis><attscale Sync="TRUE">0</attscale></attr><attr><attrlabl>GW_TYPE1</attrlabl><attrdef>Type of Ground Water Irrigation Source ID. </attrdef><attrdefs>CDWR</attrdefs><attrdomv><edom><edomv>WDID</edomv><edomvd>Water District ID</edomvd><edomvds>CDWR</edomvds></edom><edom><edomv>RECEIPT</edomv><edomvd>Well Permit Receipt Number</edomvd><edomvds>CDWR</edomvds></edom></attrdomv><attalias Sync="TRUE">GW_TYPE1</attalias><attrtype Sync="TRUE">String</attrtype><attwidth Sync="TRUE">10</attwidth><atprecis Sync="TRUE">0</atprecis><attscale Sync="TRUE">0</attscale></attr><attr><attrlabl>GW_ID1</attrlabl><attrdef>Unique ID of Groundwater Irrigation Source.</attrdef><attrdefs>CDWR</attrdefs><attalias Sync="TRUE">GW_ID1</attalias><attrtype Sync="TRUE">String</attrtype><attwidth Sync="TRUE">10</attwidth><atprecis Sync="TRUE">0</atprecis><attscale Sync="TRUE">0</attscale></attr><attr><attrlabl>GW_CLASS1</attrlabl><attrdef>Defines how groundwater irrigation source was applied to irrigated land.</attrdef><attrdefs>CDWR</attrdefs><attrdomv><edom><edomv>1</edomv><edomvd>Field Verified</edomvd><edomvds>CDWR</edomvds></edom><edom><edomv>2</edomv><edomvd>Explicit Permit/Decree Description</edomvd><edomvds>CDWR</edomvds></edom><edom><edomv>3</edomv><edomvd>Vague Permit/Decree Description</edomvd><edomvds>CDWR</edomvds></edom></attrdomv><attalias Sync="TRUE">GW_CLASS1</attalias><attrtype Sync="TRUE">String</attrtype><attwidth Sync="TRUE">2</attwidth><atprecis Sync="TRUE">0</atprecis><attscale Sync="TRUE">0</attscale></attr><attr><attrlabl>GW_TYPE2</attrlabl><attrdef>Type of Ground Water Irrigation Source ID.</attrdef><attrdefs>CDWR</attrdefs><attrdomv><edom><edomv>WDID</edomv><edomvd>Water District ID</edomvd><edomvds>CDWR</edomvds></edom><edom><edomv>RECEIPT</edomv><edomvd>Well Permit Receipt Number</edomvd><edomvds>CDWR</edomvds></edom></attrdomv><attalias Sync="TRUE">GW_TYPE2</attalias><attrtype Sync="TRUE">String</attrtype><attwidth Sync="TRUE">10</attwidth><atprecis Sync="TRUE">0</atprecis><attscale Sync="TRUE">0</attscale></attr><attr><attrlabl>GW_ID2</attrlabl><attrdef>Unique ID of Groundwater Irrigation Source.</attrdef><attrdefs>CDWR</attrdefs><attalias Sync="TRUE">GW_ID2</attalias><attrtype Sync="TRUE">String</attrtype><attwidth Sync="TRUE">10</attwidth><atprecis Sync="TRUE">0</atprecis><attscale Sync="TRUE">0</attscale></attr><attr><attrlabl>GW_CLASS2</attrlabl><attrdef>Defines how groundwater irrigation source was applied to irrigated land.</attrdef><attrdefs>CDWR</attrdefs><attrdomv><edom><edomv>1</edomv><edomvd>Field Verified</edomvd><edomvds>CDWR</edomvds></edom><edom><edomv>2</edomv><edomvd>Explicit Permit/Decree Description</edomvd><edomvds>CDWR</edomvds></edom><edom><edomv>3</edomv><edomvd>Vague Permit/Decree Description</edomvd><edomvds>CDWR</edomvds></edom></attrdomv><attalias Sync="TRUE">GW_CLASS2</attalias><attrtype Sync="TRUE">String</attrtype><attwidth Sync="TRUE">2</attwidth><atprecis Sync="TRUE">0</atprecis><attscale Sync="TRUE">0</attscale></attr><attr><attrlabl>GW_TYPE3</attrlabl><attrdef>Type of Ground Water Irrigation Source ID.</attrdef><attrdefs>CDWR</attrdefs><attrdomv><edom><edomv>WDID</edomv><edomvd>Water District ID</edomvd><edomvds>CDWR</edomvds></edom><edom><edomv>RECEIPT</edomv><edomvd>Well Permit Receipt Number</edomvd><edomvds>CDWR</edomvds></edom></attrdomv><attalias Sync="TRUE">GW_TYPE3</attalias><attrtype Sync="TRUE">String</attrtype><attwidth Sync="TRUE">10</attwidth><atprecis Sync="TRUE">0</atprecis><attscale Sync="TRUE">0</attscale></attr><attr><attrlabl>GW_ID3</attrlabl><attrdef>Unique ID of Groundwater Irrigation Source.</attrdef><attrdefs>CDWR</attrdefs><attalias Sync="TRUE">GW_ID3</attalias><attrtype Sync="TRUE">String</attrtype><attwidth Sync="TRUE">10</attwidth><atprecis Sync="TRUE">0</atprecis><attscale Sync="TRUE">0</attscale></attr><attr><attrlabl>GW_CLASS3</attrlabl><attrdef>Defines how groundwater irrigation source was applied to irrigated land.</attrdef><attrdefs>CDWR</attrdefs><attrdomv><edom><edomv>1</edomv><edomvd>Field Verified</edomvd><edomvds>CDWR</edomvds></edom><edom><edomv>2</edomv><edomvd>Explicit Permit/Decree Description</edomvd><edomvds>CDWR</edomvds></edom><edom><edomv>3</edomv><edomvd>Vague Permit/Decree Description</edomvd><edomvds>CDWR</edomvds></edom></attrdomv><attalias Sync="TRUE">GW_CLASS3</attalias><attrtype Sync="TRUE">String</attrtype><attwidth Sync="TRUE">2</attwidth><atprecis Sync="TRUE">0</atprecis><attscale Sync="TRUE">0</attscale></attr><attr><attrlabl>GW_TYPE4</attrlabl><attrdef>Type of Ground Water Irrigation Source ID.</attrdef><attrdefs>CDWR</attrdefs><attrdomv><edom><edomv>WDID</edomv><edomvd>Water District ID</edomvd><edomvds>CDWR</edomvds></edom><edom><edomv>RECEIPT</edomv><edomvd>Well Permit Receipt Number</edomvd><edomvds>CDWR</edomvds></edom></attrdomv><attalias Sync="TRUE">GW_TYPE4</attalias><attrtype Sync="TRUE">String</attrtype><attwidth Sync="TRUE">10</attwidth><atprecis Sync="TRUE">0</atprecis><attscale Sync="TRUE">0</attscale></attr><attr><attrlabl>GW_ID4</attrlabl><attrdef>Unique ID of Groundwater Irrigation Source.</attrdef><attrdefs>CDWR</attrdefs><attalias Sync="TRUE">GW_ID4</attalias><attrtype Sync="TRUE">String</attrtype><attwidth Sync="TRUE">10</attwidth><atprecis Sync="TRUE">0</atprecis><attscale Sync="TRUE">0</attscale></attr><attr><attrlabl>GW_CLASS4</attrlabl><attrdef>Defines how groundwater irrigation source was applied to irrigated land.</attrdef><attrdefs>CDWR</attrdefs><attrdomv><edom><edomv>1</edomv><edomvd>Field Verified</edomvd><edomvds>CDWR</edomvds></edom><edom><edomv>2</edomv><edomvd>Explicit Permit/Decree Description</edomvd><edomvds>CDWR</edomvds></edom><edom><edomv>3</edomv><edomvd>Vague Permit/Decree Description</edomvd><edomvds>CDWR</edomvds></edom></attrdomv><attalias Sync="TRUE">GW_CLASS4</attalias><attrtype Sync="TRUE">String</attrtype><attwidth Sync="TRUE">2</attwidth><atprecis Sync="TRUE">0</atprecis><attscale Sync="TRUE">0</attscale></attr><attr><attrlabl>GW_TYPE5</attrlabl><attrdef>Type of Ground Water Irrigation Source ID.</attrdef><attrdefs>CDWR</attrdefs><attrdomv><edom><edomv>WDID</edomv><edomvd>Water District ID</edomvd><edomvds>CDWR</edomvds></edom><edom><edomv>RECEIPT</edomv><edomvd>Well Permit Receipt Number</edomvd><edomvds>CDWR</edomvds></edom></attrdomv><attalias Sync="TRUE">GW_TYPE5</attalias><attrtype Sync="TRUE">String</attrtype><attwidth Sync="TRUE">10</attwidth><atprecis Sync="TRUE">0</atprecis><attscale Sync="TRUE">0</attscale></attr><attr><attrlabl>GW_ID5</attrlabl><attrdef>Unique ID of Groundwater Irrigation Source.</attrdef><attrdefs>CDWR</attrdefs><attalias Sync="TRUE">GW_ID5</attalias><attrtype Sync="TRUE">String</attrtype><attwidth Sync="TRUE">10</attwidth><atprecis Sync="TRUE">0</atprecis><attscale Sync="TRUE">0</attscale></attr><attr><attrlabl>GW_CLASS5</attrlabl><attrdef>Defines how groundwater irrigation source was applied to irrigated land.</attrdef><attrdefs>CDWR</attrdefs><attrdomv><edom><edomv>1</edomv><edomvd>Field Verified</edomvd><edomvds>CDWR</edomvds></edom><edom><edomv>2</edomv><edomvd>Explicit Permit/Decree Description</edomvd><edomvds>CDWR</edomvds></edom><edom><edomv>3</edomv><edomvd>Vague Permit/Decree Description</edomvd><edomvds>CDWR</edomvds></edom></attrdomv><attalias Sync="TRUE">GW_CLASS5</attalias><attrtype Sync="TRUE">String</attrtype><attwidth Sync="TRUE">2</attwidth><atprecis Sync="TRUE">0</atprecis><attscale Sync="TRUE">0</attscale></attr><attr><attrlabl>GW_TYPE6</attrlabl><attrdef>Type of Ground Water Irrigation Source ID.</attrdef><attrdefs>CDWR</attrdefs><attrdomv><edom><edomv>WDID</edomv><edomvd>Water District ID</edomvd><edomvds>CDWR</edomvds></edom><edom><edomv>RECEIPT</edomv><edomvd>Well Permit Receipt Number</edomvd><edomvds>CDWR</edomvds></edom></attrdomv><attalias Sync="TRUE">GW_TYPE6</attalias><attrtype Sync="TRUE">String</attrtype><attwidth Sync="TRUE">10</attwidth><atprecis Sync="TRUE">0</atprecis><attscale Sync="TRUE">0</attscale></attr><attr><attrlabl>GW_ID6</attrlabl><attrdef>Unique ID of Groundwater Irrigation Source.</attrdef><attrdefs>CDWR</attrdefs><attalias Sync="TRUE">GW_ID6</attalias><attrtype Sync="TRUE">String</attrtype><attwidth Sync="TRUE">10</attwidth><atprecis Sync="TRUE">0</atprecis><attscale Sync="TRUE">0</attscale></attr><attr><attrlabl>GW_CLASS6</attrlabl><attrdef>Defines how groundwater irrigation source was applied to irrigated land.</attrdef><attrdefs>CDWR</attrdefs><attrdomv><edom><edomv>1</edomv><edomvd>Field Verified</edomvd><edomvds>CDWR</edomvds></edom><edom><edomv>2</edomv><edomvd>Explicit Permit/Decree Description</edomvd><edomvds>CDWR</edomvds></edom><edom><edomv>3</edomv><edomvd>Vague Permit/Decree Description</edomvd><edomvds>CDWR</edomvds></edom></attrdomv><attalias Sync="TRUE">GW_CLASS6</attalias><attrtype Sync="TRUE">String</attrtype><attwidth Sync="TRUE">2</attwidth><atprecis Sync="TRUE">0</atprecis><attscale Sync="TRUE">0</attscale></attr><attr><attrlabl>GW_TYPE7</attrlabl><attrdef>Type of Ground Water Irrigation Source ID.</attrdef><attrdefs>CDWR</attrdefs><attrdomv><edom><edomv>WDID</edomv><edomvd>Water District ID</edomvd><edomvds>CDWR</edomvds></edom><edom><edomv>RECEIPT</edomv><edomvd>Well Permit Receipt Number</edomvd><edomvds>CDWR</edomvds></edom></attrdomv><attalias Sync="TRUE">GW_TYPE7</attalias><attrtype Sync="TRUE">String</attrtype><attwidth Sync="TRUE">10</attwidth><atprecis Sync="TRUE">0</atprecis><attscale Sync="TRUE">0</attscale></attr><attr><attrlabl>GW_ID7</attrlabl><attrdef>Unique ID of Groundwater Irrigation Source.</attrdef><attrdefs>CDWR</attrdefs><attalias Sync="TRUE">GW_ID7</attalias><attrtype Sync="TRUE">String</attrtype><attwidth Sync="TRUE">10</attwidth><atprecis Sync="TRUE">0</atprecis><attscale Sync="TRUE">0</attscale></attr><attr><attrlabl>GW_CLASS7</attrlabl><attrdef>Defines how groundwater irrigation source was applied to irrigated land.</attrdef><attrdefs>CDWR</attrdefs><attrdomv><edom><edomv>1</edomv><edomvd>Field Verified</edomvd><edomvds>CDWR</edomvds></edom><edom><edomv>2</edomv><edomvd>Explicit Permit/Decree Description</edomvd><edomvds>CDWR</edomvds></edom><edom><edomv>3</edomv><edomvd>Vague Permit/Decree Description</edomvd><edomvds>CDWR</edomvds></edom></attrdomv><attalias Sync="TRUE">GW_CLASS7</attalias><attrtype Sync="TRUE">String</attrtype><attwidth Sync="TRUE">2</attwidth><atprecis Sync="TRUE">0</atprecis><attscale Sync="TRUE">0</attscale></attr><attr><attrlabl>GW_TYPE8</attrlabl><attrdef>Type of Ground Water Irrigation Source ID.</attrdef><attrdefs>CDWR</attrdefs><attrdomv><edom><edomv>WDID</edomv><edomvd>Water District ID</edomvd><edomvds>CDWR</edomvds></edom><edom><edomv>RECEIPT</edomv><edomvd>Well Permit Receipt Number</edomvd><edomvds>CDWR</edomvds></edom></attrdomv><attalias Sync="TRUE">GW_TYPE8</attalias><attrtype Sync="TRUE">String</attrtype><attwidth Sync="TRUE">10</attwidth><atprecis Sync="TRUE">0</atprecis><attscale Sync="TRUE">0</attscale></attr><attr><attrlabl>GW_ID8</attrlabl><attrdef>Unique ID of Groundwater Irrigation Source.</attrdef><attrdefs>CDWR</attrdefs><attalias Sync="TRUE">GW_ID8</attalias><attrtype Sync="TRUE">String</attrtype><attwidth Sync="TRUE">10</attwidth><atprecis Sync="TRUE">0</atprecis><attscale Sync="TRUE">0</attscale></attr><attr><attrlabl>GW_CLASS8</attrlabl><attrdef>Defines how groundwater irrigation source was applied to irrigated land.</attrdef><attrdefs>CDWR</attrdefs><attrdomv><edom><edomv>1</edomv><edomvd>Field Verified</edomvd><edomvds>CDWR</edomvds></edom><edom><edomv>2</edomv><edomvd>Explicit Permit/Decree Description</edomvd><edomvds>CDWR</edomvds></edom><edom><edomv>3</edomv><edomvd>Vague Permit/Decree Description</edomvd><edomvds>CDWR</edomvds></edom></attrdomv><attalias Sync="TRUE">GW_CLASS8</attalias><attrtype Sync="TRUE">String</attrtype><attwidth Sync="TRUE">2</attwidth><atprecis Sync="TRUE">0</atprecis><attscale Sync="TRUE">0</attscale></attr><attr><attrlabl>GW_TYPE9</attrlabl><attrdef>Type of Ground Water Irrigation Source ID.</attrdef><attrdefs>CDWR</attrdefs><attrdomv><edom><edomv>WDID</edomv><edomvd>Water District ID</edomvd><edomvds>CDWR</edomvds></edom><edom><edomv>RECEIPT</edomv><edomvd>Well Permit Receipt Number</edomvd><edomvds>CDWR</edomvds></edom></attrdomv><attalias Sync="TRUE">GW_TYPE9</attalias><attrtype Sync="TRUE">String</attrtype><attwidth Sync="TRUE">10</attwidth><atprecis Sync="TRUE">0</atprecis><attscale Sync="TRUE">0</attscale></attr><attr><attrlabl>GW_ID9</attrlabl><attrdef>Unique ID of Groundwater Irrigation Source.</attrdef><attrdefs>CDWR</attrdefs><attalias Sync="TRUE">GW_ID9</attalias><attrtype Sync="TRUE">String</attrtype><attwidth Sync="TRUE">10</attwidth><atprecis Sync="TRUE">0</atprecis><attscale Sync="TRUE">0</attscale></attr><attr><attrlabl>GW_CLASS9</attrlabl><attrdef>Defines how groundwater irrigation source was applied to irrigated land.</attrdef><attrdefs>CDWR</attrdefs><attrdomv><edom><edomv>1</edomv><edomvd>Field Verified</edomvd><edomvds>CDWR</edomvds></edom><edom><edomv>2</edomv><edomvd>Explicit Permit/Decree Description</edomvd><edomvds>CDWR</edomvds></edom><edom><edomv>3</edomv><edomvd>Vague Permit/Decree Description</edomvd><edomvds>CDWR</edomvds></edom></attrdomv><attalias Sync="TRUE">GW_CLASS9</attalias><attrtype Sync="TRUE">String</attrtype><attwidth Sync="TRUE">2</attwidth><atprecis Sync="TRUE">0</atprecis><attscale Sync="TRUE">0</attscale></attr><attr><attrlabl>GW_TYPE10</attrlabl><attrdef>Type of Ground Water Irrigation Source ID.</attrdef><attrdefs>CDWR</attrdefs><attrdomv><edom><edomv>WDID</edomv><edomvd>Water District ID</edomvd><edomvds>CDWR</edomvds></edom><edom><edomv>RECEIPT</edomv><edomvd>Well Permit Receipt Number</edomvd><edomvds>CDWR</edomvds></edom></attrdomv><attalias Sync="TRUE">GW_TYPE10</attalias><attrtype Sync="TRUE">String</attrtype><attwidth Sync="TRUE">10</attwidth><atprecis Sync="TRUE">0</atprecis><attscale Sync="TRUE">0</attscale></attr><attr><attrlabl>GW_ID10</attrlabl><attrdef>Unique ID of Groundwater Irrigation Source.</attrdef><attrdefs>CDWR</attrdefs><attalias Sync="TRUE">GW_ID10</attalias><attrtype Sync="TRUE">String</attrtype><attwidth Sync="TRUE">10</attwidth><atprecis Sync="TRUE">0</atprecis><attscale Sync="TRUE">0</attscale></attr><attr><attrlabl>GW_CLASS10</attrlabl><attrdef>Defines how groundwater irrigation source was applied to irrigated land.</attrdef><attrdefs>CDWR</attrdefs><attrdomv><edom><edomv>1</edomv><edomvd>Field Verified</edomvd><edomvds>CDWR</edomvds></edom><edom><edomv>2</edomv><edomvd>Explicit Permit/Decree Description</edomvd><edomvds>CDWR</edomvds></edom><edom><edomv>3</edomv><edomvd>Vague Permit/Decree Description</edomvd><edomvds>CDWR</edomvds></edom></attrdomv><attalias Sync="TRUE">GW_CLASS10</attalias><attrtype Sync="TRUE">String</attrtype><attwidth Sync="TRUE">2</attwidth><atprecis Sync="TRUE">0</atprecis><attscale Sync="TRUE">0</attscale></attr><attr><attrlabl>GW_TYPE11</attrlabl><attrdef>Type of Ground Water Irrigation Source ID.</attrdef><attrdefs>CDWR</attrdefs><attrdomv><edom><edomv>WDID</edomv><edomvd>Water District ID</edomvd><edomvds>CDWR</edomvds></edom><edom><edomv>RECEIPT</edomv><edomvd>Well Permit Receipt Number</edomvd><edomvds>CDWR</edomvds></edom></attrdomv><attalias Sync="TRUE">GW_TYPE11</attalias><attrtype Sync="TRUE">String</attrtype><attwidth Sync="TRUE">10</attwidth><atprecis Sync="TRUE">0</atprecis><attscale Sync="TRUE">0</attscale></attr><attr><attrlabl>GW_ID11</attrlabl><attrdef>Unique ID of Groundwater Irrigation Source.</attrdef><attrdefs>CDWR</attrdefs><attalias Sync="TRUE">GW_ID11</attalias><attrtype Sync="TRUE">String</attrtype><attwidth Sync="TRUE">10</attwidth><atprecis Sync="TRUE">0</atprecis><attscale Sync="TRUE">0</attscale></attr><attr><attrlabl>GW_CLASS11</attrlabl><attrdef>Defines how groundwater irrigation source was applied to irrigated land.</attrdef><attrdefs>CDWR</attrdefs><attrdomv><edom><edomv>1</edomv><edomvd>Field Verified</edomvd><edomvds>CDWR</edomvds></edom><edom><edomv>2</edomv><edomvd>Explicit Permit/Decree Description</edomvd><edomvds>CDWR</edomvds></edom><edom><edomv>3</edomv><edomvd>Vague Permit/Decree Description</edomvd><edomvds>CDWR</edomvds></edom></attrdomv><attalias Sync="TRUE">GW_CLASS11</attalias><attrtype Sync="TRUE">String</attrtype><attwidth Sync="TRUE">2</attwidth><atprecis Sync="TRUE">0</atprecis><attscale Sync="TRUE">0</attscale></attr><attr><attrlabl>GW_TYPE12</attrlabl><attrdef>Type of Ground Water Irrigation Source ID.</attrdef><attrdefs>CDWR</attrdefs><attrdomv><edom><edomv>WDID</edomv><edomvd>Water District ID</edomvd><edomvds>CDWR</edomvds></edom><edom><edomv>RECEIPT</edomv><edomvd>Well Permit Receipt Number</edomvd><edomvds>CDWR</edomvds></edom></attrdomv><attalias Sync="TRUE">GW_TYPE12</attalias><attrtype Sync="TRUE">String</attrtype><attwidth Sync="TRUE">10</attwidth><atprecis Sync="TRUE">0</atprecis><attscale Sync="TRUE">0</attscale></attr><attr><attrlabl>GW_ID12</attrlabl><attrdef>Unique ID of Groundwater Irrigation Source.</attrdef><attrdefs>CDWR</attrdefs><attalias Sync="TRUE">GW_ID12</attalias><attrtype Sync="TRUE">String</attrtype><attwidth Sync="TRUE">10</attwidth><atprecis Sync="TRUE">0</atprecis><attscale Sync="TRUE">0</attscale></attr><attr><attrlabl>GW_CLASS12</attrlabl><attrdef>Defines how groundwater irrigation source was applied to irrigated land.</attrdef><attrdefs>CDWR</attrdefs><attrdomv><edom><edomv>1</edomv><edomvd>Field Verified</edomvd><edomvds>CDWR</edomvds></edom><edom><edomv>2</edomv><edomvd>Explicit Permit/Decree Description</edomvd><edomvds>CDWR</edomvds></edom><edom><edomv>3</edomv><edomvd>Vague Permit/Decree Description</edomvd><edomvds>CDWR</edomvds></edom></attrdomv><attalias Sync="TRUE">GW_CLASS12</attalias><attrtype Sync="TRUE">String</attrtype><attwidth Sync="TRUE">2</attwidth><atprecis Sync="TRUE">0</atprecis><attscale Sync="TRUE">0</attscale></attr><attr><attrlabl>GW_TYPE13</attrlabl><attrdef>Type of Ground Water Irrigation Source ID.</attrdef><attrdefs>CDWR</attrdefs><attrdomv><edom><edomv>WDID</edomv><edomvd>Water District ID</edomvd><edomvds>CDWR</edomvds></edom><edom><edomv>RECEIPT</edomv><edomvd>Well Permit Receipt Number</edomvd><edomvds>CDWR</edomvds></edom></attrdomv><attalias Sync="TRUE">GW_TYPE13</attalias><attrtype Sync="TRUE">String</attrtype><attwidth Sync="TRUE">10</attwidth><atprecis Sync="TRUE">0</atprecis><attscale Sync="TRUE">0</attscale></attr><attr><attrlabl>GW_ID13</attrlabl><attrdef>Unique ID of Groundwater Irrigation Source.</attrdef><attrdefs>CDWR</attrdefs><attalias Sync="TRUE">GW_ID13</attalias><attrtype Sync="TRUE">String</attrtype><attwidth Sync="TRUE">10</attwidth><atprecis Sync="TRUE">0</atprecis><attscale Sync="TRUE">0</attscale></attr><attr><attrlabl>GW_CLASS13</attrlabl><attrdef>Defines how groundwater irrigation source was applied to irrigated land.</attrdef><attrdefs>CDWR</attrdefs><attrdomv><edom><edomv>1</edomv><edomvd>Field Verified</edomvd><edomvds>CDWR</edomvds></edom><edom><edomv>2</edomv><edomvd>Explicit Permit/Decree Description</edomvd><edomvds>CDWR</edomvds></edom><edom><edomv>3</edomv><edomvd>Vague Permit/Decree Description</edomvd><edomvds>CDWR</edomvds></edom></attrdomv><attalias Sync="TRUE">GW_CLASS13</attalias><attrtype Sync="TRUE">String</attrtype><attwidth Sync="TRUE">2</attwidth><atprecis Sync="TRUE">0</atprecis><attscale Sync="TRUE">0</attscale></attr><attr><attrlabl>GW_TYPE14</attrlabl><attrdef>Type of Ground Water Irrigation Source ID.</attrdef><attrdefs>CDWR</attrdefs><attrdomv><edom><edomv>WDID</edomv><edomvd>Water District ID</edomvd><edomvds>CDWR</edomvds></edom><edom><edomv>RECEIPT</edomv><edomvd>Well Permit Receipt Number</edomvd><edomvds>CDWR</edomvds></edom></attrdomv><attalias Sync="TRUE">GW_TYPE14</attalias><attrtype Sync="TRUE">String</attrtype><attwidth Sync="TRUE">10</attwidth><atprecis Sync="TRUE">0</atprecis><attscale Sync="TRUE">0</attscale></attr><attr><attrlabl>GW_ID14</attrlabl><attrdef>Unique ID of Groundwater Irrigation Source.</attrdef><attrdefs>CDWR</attrdefs><attalias Sync="TRUE">GW_ID14</attalias><attrtype Sync="TRUE">String</attrtype><attwidth Sync="TRUE">10</attwidth><atprecis Sync="TRUE">0</atprecis><attscale Sync="TRUE">0</attscale></attr><attr><attrlabl>GW_CLASS14</attrlabl><attrdef>Defines how groundwater irrigation source was applied to irrigated land.</attrdef><attrdefs>CDWR</attrdefs><attrdomv><edom><edomv>1</edomv><edomvd>Field Verified</edomvd><edomvds>CDWR</edomvds></edom><edom><edomv>2</edomv><edomvd>Explicit Permit/Decree Description</edomvd><edomvds>CDWR</edomvds></edom></attrdomv><attalias Sync="TRUE">GW_CLASS14</attalias><attrtype Sync="TRUE">String</attrtype><attwidth Sync="TRUE">2</attwidth><atprecis Sync="TRUE">0</atprecis><attscale Sync="TRUE">0</attscale></attr><attr><attrlabl>GW_TYPE15</attrlabl><attrdef>Type of Ground Water Irrigation Source ID.</attrdef><attrdefs>CDWR</attrdefs><attrdomv><edom><edomv>WDID</edomv><edomvd>Water District ID</edomvd><edomvds>CDWR</edomvds></edom><edom><edomv>RECEIPT</edomv><edomvd>Well Permit Receipt Number</edomvd><edomvds>CDWR</edomvds></edom></attrdomv><attalias Sync="TRUE">GW_TYPE15</attalias><attrtype Sync="TRUE">String</attrtype><attwidth Sync="TRUE">10</attwidth><atprecis Sync="TRUE">0</atprecis><attscale Sync="TRUE">0</attscale></attr><attr><attrlabl>GW_ID15</attrlabl><attrdef>Unique ID of Groundwater Irrigation Source.</attrdef><attrdefs>CDWR</attrdefs><attalias Sync="TRUE">GW_ID15</attalias><attrtype Sync="TRUE">String</attrtype><attwidth Sync="TRUE">10</attwidth><atprecis Sync="TRUE">0</atprecis><attscale Sync="TRUE">0</attscale></attr><attr><attrlabl>GW_CLASS15</attrlabl><attrdef>Defines how groundwater irrigation source was applied to irrigated land.</attrdef><attrdefs>CDWR</attrdefs><attrdomv><edom><edomv>1</edomv><edomvd>Field Verified</edomvd><edomvds>CDWR</edomvds></edom><edom><edomv>2</edomv><edomvd>Explicit Permit/Decree Description</edomvd><edomvds>CDWR</edomvds></edom><edom><edomv>3</edomv><edomvd>Vague Permit/Decree Description</edomvd><edomvds>CDWR</edomvds></edom></attrdomv><attalias Sync="TRUE">GW_CLASS15</attalias><attrtype Sync="TRUE">String</attrtype><attwidth Sync="TRUE">2</attwidth><atprecis Sync="TRUE">0</atprecis><attscale Sync="TRUE">0</attscale></attr><attr><attrlabl>GW_TYPE16</attrlabl><attrdef>Type of Ground Water Irrigation Source ID.</attrdef><attrdefs>CDWR</attrdefs><attrdomv><edom><edomv>WDID</edomv><edomvd>Water District ID</edomvd><edomvds>CDWR</edomvds></edom><edom><edomv>RECEIPT</edomv><edomvd>Well Permit Receipt Number</edomvd><edomvds>CDWR</edomvds></edom></attrdomv><attalias Sync="TRUE">GW_TYPE16</attalias><attrtype Sync="TRUE">String</attrtype><attwidth Sync="TRUE">10</attwidth><atprecis Sync="TRUE">0</atprecis><attscale Sync="TRUE">0</attscale></attr><attr><attrlabl>GW_ID16</attrlabl><attrdef>Unique ID of Groundwater Irrigation Source.</attrdef><attrdefs>CDWR</attrdefs><attalias Sync="TRUE">GW_ID16</attalias><attrtype Sync="TRUE">String</attrtype><attwidth Sync="TRUE">10</attwidth><atprecis Sync="TRUE">0</atprecis><attscale Sync="TRUE">0</attscale></attr><attr><attrlabl>GW_CLASS16</attrlabl><attrdef>Defines how groundwater irrigation source was applied to irrigated land.</attrdef><attrdefs>CDWR</attrdefs><attrdomv><edom><edomv>1</edomv><edomvd>Field Verified</edomvd><edomvds>CDWR</edomvds></edom><edom><edomv>2</edomv><edomvd>Explicit Permit/Decree Description,</edomvd><edomvds>CDWR</edomvds></edom><edom><edomv>3</edomv><edomvd>Vague Permit/Decree Description</edomvd><edomvds>CDWR</edomvds></edom></attrdomv><attalias Sync="TRUE">GW_CLASS16</attalias><attrtype Sync="TRUE">String</attrtype><attwidth Sync="TRUE">2</attwidth><atprecis Sync="TRUE">0</atprecis><attscale Sync="TRUE">0</attscale></attr><attr><attrlabl>GW_TYPE17</attrlabl><attrdef>Type of Ground Water Irrigation Source ID.</attrdef><attrdefs>CDWR</attrdefs><attrdomv><edom><edomv>WDID</edomv><edomvd>Water District ID</edomvd><edomvds>CDWR</edomvds></edom><edom><edomv>RECEIPT</edomv><edomvd>Well Permit Receipt Number</edomvd><edomvds>CDWR</edomvds></edom></attrdomv><attalias Sync="TRUE">GW_TYPE17</attalias><attrtype Sync="TRUE">String</attrtype><attwidth Sync="TRUE">10</attwidth><atprecis Sync="TRUE">0</atprecis><attscale Sync="TRUE">0</attscale></attr><attr><attrlabl>GW_ID17</attrlabl><attrdef>Unique ID of Groundwater Irrigation Source.</attrdef><attrdefs>CDWR</attrdefs><attalias Sync="TRUE">GW_ID17</attalias><attrtype Sync="TRUE">String</attrtype><attwidth Sync="TRUE">10</attwidth><atprecis Sync="TRUE">0</atprecis><attscale Sync="TRUE">0</attscale></attr><attr><attrlabl>GW_CLASS17</attrlabl><attrdef>Defines how groundwater irrigation source was applied to irrigated land.</attrdef><attrdefs>CDWR</attrdefs><attrdomv><edom><edomv>1</edomv><edomvd>Field Verified</edomvd><edomvds>CDWR</edomvds></edom><edom><edomv>2</edomv><edomvd>Explicit Permit/Decree Description</edomvd><edomvds>CDWR</edomvds></edom><edom><edomv>3</edomv><edomvd>Vague Permit/Decree Description</edomvd><edomvds>CDWR</edomvds></edom></attrdomv><attalias Sync="TRUE">GW_CLASS17</attalias><attrtype Sync="TRUE">String</attrtype><attwidth Sync="TRUE">2</attwidth><atprecis Sync="TRUE">0</atprecis><attscale Sync="TRUE">0</attscale></attr><attr><attrlabl>GW_TYPE18</attrlabl><attrdef>Type of Ground Water Irrigation Source ID.</attrdef><attrdefs>CDWR</attrdefs><attrdomv><edom><edomv>WDID</edomv><edomvd>Water District ID</edomvd><edomvds>CDWR</edomvds></edom><edom><edomv>RECEIPT</edomv><edomvd>Well Permit Receipt Number</edomvd><edomvds>CDWR</edomvds></edom></attrdomv><attalias Sync="TRUE">GW_TYPE18</attalias><attrtype Sync="TRUE">String</attrtype><attwidth Sync="TRUE">10</attwidth><atprecis Sync="TRUE">0</atprecis><attscale Sync="TRUE">0</attscale></attr><attr><attrlabl>GW_ID18</attrlabl><attrdef>Unique ID of Groundwater Irrigation Source.</attrdef><attrdefs>CDWR</attrdefs><attalias Sync="TRUE">GW_ID18</attalias><attrtype Sync="TRUE">String</attrtype><attwidth Sync="TRUE">10</attwidth><atprecis Sync="TRUE">0</atprecis><attscale Sync="TRUE">0</attscale></attr><attr><attrlabl>GW_CLASS18</attrlabl><attrdef>Defines how groundwater irrigation source was applied to irrigated land.</attrdef><attrdefs>CDWR</attrdefs><attrdomv><edom><edomv>1</edomv><edomvd>Field Verified</edomvd><edomvds>CDWR</edomvds></edom><edom><edomv>2</edomv><edomvd>Explicit Permit/Decree Description</edomvd><edomvds>CDWR</edomvds></edom><edom><edomv>3</edomv><edomvd>Vague Permit/Decree Description</edomvd><edomvds>CDWR</edomvds></edom></attrdomv><attalias Sync="TRUE">GW_CLASS18</attalias><attrtype Sync="TRUE">String</attrtype><attwidth Sync="TRUE">2</attwidth><atprecis Sync="TRUE">0</atprecis><attscale Sync="TRUE">0</attscale></attr><attr><attrlabl>GW_TYPE19</attrlabl><attrdef>Type of Ground Water Irrigation Source ID.</attrdef><attrdefs>CDWR</attrdefs><attrdomv><edom><edomv>WDID</edomv><edomvd>Water District ID</edomvd><edomvds>CDWR</edomvds></edom><edom><edomv>RECEIPT</edomv><edomvd>Well Permit Receipt Number</edomvd><edomvds>CDWR</edomvds></edom></attrdomv><attalias Sync="TRUE">GW_TYPE19</attalias><attrtype Sync="TRUE">String</attrtype><attwidth Sync="TRUE">10</attwidth><atprecis Sync="TRUE">0</atprecis><attscale Sync="TRUE">0</attscale></attr><attr><attrlabl>GW_ID19</attrlabl><attrdef>Unique ID of Groundwater Irrigation Source.</attrdef><attrdefs>CDWR</attrdefs><attalias Sync="TRUE">GW_ID19</attalias><attrtype Sync="TRUE">String</attrtype><attwidth Sync="TRUE">10</attwidth><atprecis Sync="TRUE">0</atprecis><attscale Sync="TRUE">0</attscale></attr><attr><attrlabl>GW_CLASS19</attrlabl><attrdef>Defines how groundwater irrigation source was applied to irrigated land.</attrdef><attrdefs>CDWR</attrdefs><attrdomv><edom><edomv>1</edomv><edomvd>Field Verified</edomvd><edomvds>CDWR</edomvds></edom><edom><edomv>2</edomv><edomvd>Explicit Permit/Decree Description</edomvd><edomvds>CDWR</edomvds></edom><edom><edomv>3</edomv><edomvd>Vague Permit/Decree Description</edomvd><edomvds>CDWR</edomvds></edom></attrdomv><attalias Sync="TRUE">GW_CLASS19</attalias><attrtype Sync="TRUE">String</attrtype><attwidth Sync="TRUE">2</attwidth><atprecis Sync="TRUE">0</atprecis><attscale Sync="TRUE">0</attscale></attr><attr><attrlabl>GW_TYPE20</attrlabl><attrdef>Type of Ground Water Irrigation Source ID.</attrdef><attrdefs>CDWR</attrdefs><attrdomv><edom><edomv>WDID</edomv><edomvd>Water District ID</edomvd><edomvds>CDWR</edomvds></edom><edom><edomv>RECEIPT</edomv><edomvd>Well Permit Receipt Number</edomvd><edomvds>CDWR</edomvds></edom></attrdomv><attalias Sync="TRUE">GW_TYPE20</attalias><attrtype Sync="TRUE">String</attrtype><attwidth Sync="TRUE">10</attwidth><atprecis Sync="TRUE">0</atprecis><attscale Sync="TRUE">0</attscale></attr><attr><attrlabl>GW_ID20</attrlabl><attrdef>Unique ID of Groundwater Irrigation Source.</attrdef><attrdefs>CDWR</attrdefs><attalias Sync="TRUE">GW_ID20</attalias><attrtype Sync="TRUE">String</attrtype><attwidth Sync="TRUE">10</attwidth><atprecis Sync="TRUE">0</atprecis><attscale Sync="TRUE">0</attscale></attr><attr><attrlabl>GW_CLASS20</attrlabl><attrdef>Defines how groundwater irrigation source was applied to irrigated land.</attrdef><attrdefs>CDWR</attrdefs><attrdomv><edom><edomv>1</edomv><edomvd>Field Verified</edomvd><edomvds>CDWR</edomvds></edom><edom><edomv>2</edomv><edomvd>Explicit Permit/Decree Description</edomvd><edomvds>CDWR</edomvds></edom><edom><edomv>3</edomv><edomvd>Vague Permit/Decree Description</edomvd><edomvds>CDWR</edomvds></edom></attrdomv><attalias Sync="TRUE">GW_CLASS20</attalias><attrtype Sync="TRUE">String</attrtype><attwidth Sync="TRUE">2</attwidth><atprecis Sync="TRUE">0</atprecis><attscale Sync="TRUE">0</attscale></attr><attr><attrlabl Sync="TRUE">IRR</attrlabl><attalias Sync="TRUE">IRR</attalias><attrtype Sync="TRUE">String</attrtype><attwidth Sync="TRUE">8</attwidth><atprecis Sync="TRUE">0</atprecis><attscale Sync="TRUE">0</attscale></attr><attr><attrlabl Sync="TRUE">GWZONE</attrlabl><attalias Sync="TRUE">GWZONE</attalias><attrtype Sync="TRUE">Integer</attrtype><attwidth Sync="TRUE">5</attwidth><atprecis Sync="TRUE">5</atprecis><attscale Sync="TRUE">0</attscale></attr><attr><attrlabl Sync="TRUE">FARM_UNIT</attrlabl><attalias Sync="TRUE">FARM_UNIT</attalias><attrtype Sync="TRUE">String</attrtype><attwidth Sync="TRUE">50</attwidth><atprecis Sync="TRUE">0</atprecis><attscale Sync="TRUE">0</attscale></attr><attr><attrlabl>COMMENTS</attrlabl><attrdef>Comments</attrdef><attrdefs>CDWR</attrdefs><attalias Sync="TRUE">COMMENTS</attalias><attrtype Sync="TRUE">String</attrtype><attwidth Sync="TRUE">250</attwidth><atprecis Sync="TRUE">0</atprecis><attscale Sync="TRUE">0</attscale></attr><attr><attrlabl Sync="TRUE">ORIG_FID</attrlabl><attalias Sync="TRUE">ORIG_FID</attalias><attrtype Sync="TRUE">Integer</attrtype><attwidth Sync="TRUE">10</attwidth><atprecis Sync="TRUE">10</atprecis><attscale Sync="TRUE">0</attscale></attr><attr><attrlabl Sync="TRUE">SHAPE_Leng</attrlabl><attalias Sync="TRUE">SHAPE_Leng</attalias><attrtype Sync="TRUE">Double</attrtype><attwidth Sync="TRUE">19</attwidth><atprecis Sync="TRUE">0</atprecis><attscale Sync="TRUE">0</attscale></attr><attr><attrlabl>SHAPE_Area</attrlabl><attrdef>Area of feature in internal units squared.</attrdef><attrdefs>Esri</attrdefs><attrdomv><udom>Positive real numbers that are automatically generated.</udom></attrdomv><attalias Sync="TRUE">SHAPE_Area</attalias><attrtype Sync="TRUE">Double</attrtype><attwidth Sync="TRUE">19</attwidth><atprecis Sync="TRUE">0</atprecis><attscale Sync="TRUE">0</attscale></attr></detailed></eainfo><mdHrLvName Sync="TRUE">dataset</mdHrLvName><spatRepInfo><VectSpatRep><geometObjs Name="Div4_Irrig_2010"><geoObjTyp><GeoObjTypCd value="002" Sync="TRUE"></GeoObjTypCd></geoObjTyp><geoObjCnt Sync="TRUE">0</geoObjCnt></geometObjs><topLvl><TopoLevCd value="001" Sync="TRUE"></TopoLevCd></topLvl></VectSpatRep></spatRepInfo><spdoinfo><ptvctinf><esriterm Name="Div4_Irrig_2010"><efeatyp Sync="TRUE">Simple</efeatyp><efeageom code="4" Sync="TRUE"></efeageom><esritopo Sync="TRUE">FALSE</esritopo><efeacnt Sync="TRUE">0</efeacnt><spindex Sync="TRUE">FALSE</spindex><linrefer Sync="TRUE">FALSE</linrefer></esriterm></ptvctinf></spdoinfo><mdDateSt Sync="TRUE">20231214</mdDateSt></metadata>
