<metadata xml:lang="en"><Esri><CreaDate>20200319</CreaDate><CreaTime>12262400</CreaTime><ArcGISFormat>1.0</ArcGISFormat><ArcGISstyle>ISO 19139 Metadata Implementation Specification</ArcGISstyle><SyncOnce>FALSE</SyncOnce><DataProperties><itemProps><itemName Sync="TRUE">Div4_Irrig_2000</itemName><itemLocation><linkage Sync="TRUE">file://\\DNRDWRDEN2060\C$\000Aprocessing\Div4_Irrig_Shapefiles\Div4_Irrig_2000.shp</linkage><protocol Sync="TRUE">Local Area Network</protocol></itemLocation><nativeExtBox><westBL Sync="TRUE">146904.585400</westBL><eastBL Sync="TRUE">383953.096500</eastBL><southBL Sync="TRUE">4197497.160200</southBL><northBL Sync="TRUE">4336650.482400</northBL><exTypeCode Sync="TRUE">1</exTypeCode></nativeExtBox><relatedItems><item><itemName/></item><item><itemName Sync="TRUE">Ditch_To_Parcel_2000</itemName><itemType Sync="TRUE">Relationship</itemType></item></relatedItems><imsContentType Sync="TRUE">002</imsContentType><itemSize Sync="TRUE">0.000</itemSize></itemProps><coordRef><type Sync="TRUE">Projected</type><geogcsn Sync="TRUE">GCS_North_American_1983</geogcsn><csUnits Sync="TRUE">Linear Unit: Meter (1.000000)</csUnits><projcsn Sync="TRUE">NAD_1983_UTM_Zone_13N</projcsn><peXml Sync="TRUE">&lt;ProjectedCoordinateSystem xsi:type='typens:ProjectedCoordinateSystem' xmlns:xsi='http://www.w3.org/2001/XMLSchema-instance' xmlns:xs='http://www.w3.org/2001/XMLSchema' xmlns:typens='http://www.esri.com/schemas/ArcGIS/10.8'&gt;&lt;WKT&gt;PROJCS[&amp;quot;NAD_1983_UTM_Zone_13N&amp;quot;,GEOGCS[&amp;quot;GCS_North_American_1983&amp;quot;,DATUM[&amp;quot;D_North_American_1983&amp;quot;,SPHEROID[&amp;quot;GRS_1980&amp;quot;,6378137.0,298.257222101]],PRIMEM[&amp;quot;Greenwich&amp;quot;,0.0],UNIT[&amp;quot;Degree&amp;quot;,0.0174532925199433]],PROJECTION[&amp;quot;Transverse_Mercator&amp;quot;],PARAMETER[&amp;quot;False_Easting&amp;quot;,500000.0],PARAMETER[&amp;quot;False_Northing&amp;quot;,0.0],PARAMETER[&amp;quot;Central_Meridian&amp;quot;,-105.0],PARAMETER[&amp;quot;Scale_Factor&amp;quot;,0.9996],PARAMETER[&amp;quot;Latitude_Of_Origin&amp;quot;,0.0],UNIT[&amp;quot;Meter&amp;quot;,1.0],AUTHORITY[&amp;quot;EPSG&amp;quot;,26913]]&lt;/WKT&gt;&lt;XOrigin&gt;-5120900&lt;/XOrigin&gt;&lt;YOrigin&gt;-9998100&lt;/YOrigin&gt;&lt;XYScale&gt;450445547.3910538&lt;/XYScale&gt;&lt;ZOrigin&gt;-100000&lt;/ZOrigin&gt;&lt;ZScale&gt;10000&lt;/ZScale&gt;&lt;MOrigin&gt;-100000&lt;/MOrigin&gt;&lt;MScale&gt;10000&lt;/MScale&gt;&lt;XYTolerance&gt;0.001&lt;/XYTolerance&gt;&lt;ZTolerance&gt;0.001&lt;/ZTolerance&gt;&lt;MTolerance&gt;0.001&lt;/MTolerance&gt;&lt;HighPrecision&gt;true&lt;/HighPrecision&gt;&lt;WKID&gt;26913&lt;/WKID&gt;&lt;LatestWKID&gt;26913&lt;/LatestWKID&gt;&lt;/ProjectedCoordinateSystem&gt;</peXml></coordRef><lineage><Process ToolSource="c:\program files (x86)\arcgis\desktop10.5\ArcToolbox\Toolboxes\Data Management Tools.tbx\CalculateField" Date="20200506" Time="160240">CalculateField "Div 4\Div4_Irrig_2000" CAL_YEAR 2000 VB #</Process><Process ToolSource="c:\program files (x86)\arcgis\desktop10.5\ArcToolbox\Toolboxes\Data Management Tools.tbx\CalculateField" Date="20200508" Time="152858">CalculateField "Div 4\Div4_Irrig_2000" CAL_YEAR 2000 VB #</Process><Process ToolSource="c:\program files (x86)\arcgis\desktop10.5\ArcToolbox\Toolboxes\Data Management Tools.tbx\CalculateField" Date="20200511" Time="162627">CalculateField "Div 4\Div4_Irrig_2000" CROP_SRC "SAT" VB #</Process><Process ToolSource="c:\program files (x86)\arcgis\desktop10.5\ArcToolbox\Toolboxes\Data Management Tools.tbx\CalculateField" Date="20200511" Time="162648">CalculateField "Div 4\Div4_Irrig_2000" CAL_YEAR 2000 VB #</Process><Process ToolSource="c:\program files (x86)\arcgis\desktop10.5\ArcToolbox\Toolboxes\Data Management Tools.tbx\CalculateField" Date="20200511" Time="162657">CalculateField "Div 4\Div4_Irrig_2000" DIV 4 VB #</Process><Process ToolSource="c:\program files (x86)\arcgis\desktop10.5\ArcToolbox\Toolboxes\Data Management Tools.tbx\CalculateField" Date="20200511" Time="162705">CalculateField "Div 4\Div4_Irrig_2000" DISTRICT 28 VB #</Process><Process ToolSource="c:\program files (x86)\arcgis\desktop10.5\ArcToolbox\Toolboxes\Data Management Tools.tbx\CalculateField" Date="20200511" Time="164940">CalculateField "Div 4\Div4_Irrig_2000" CROP_SRC "SAT" VB #</Process><Process ToolSource="c:\program files (x86)\arcgis\desktop10.5\ArcToolbox\Toolboxes\Data Management Tools.tbx\CalculateField" Date="20200511" Time="164953">CalculateField "Div 4\Div4_Irrig_2000" CAL_YEAR 2000 VB #</Process><Process ToolSource="c:\program files (x86)\arcgis\desktop10.5\ArcToolbox\Toolboxes\Data Management Tools.tbx\CalculateField" Date="20200515" Time="133453">CalculateField "Div 4\Div4_Irrig_2000" CROP_SRC "SAT" VB #</Process><Process ToolSource="c:\program files (x86)\arcgis\desktop10.5\ArcToolbox\Toolboxes\Data Management Tools.tbx\CalculateField" Date="20200515" Time="133506">CalculateField "Div 4\Div4_Irrig_2000" CAL_YEAR 2000 VB #</Process><Process ToolSource="c:\program files (x86)\arcgis\desktop10.5\ArcToolbox\Toolboxes\Data Management Tools.tbx\CalculateField" Date="20200515" Time="134715">CalculateField "Div 4\Div4_Irrig_2000" CROP_SRC "SAT" VB #</Process><Process ToolSource="c:\program files (x86)\arcgis\desktop10.5\ArcToolbox\Toolboxes\Data Management Tools.tbx\CalculateField" Date="20200515" Time="134728">CalculateField "Div 4\Div4_Irrig_2000" CAL_YEAR 2000 VB #</Process><Process ToolSource="c:\program files (x86)\arcgis\desktop10.5\ArcToolbox\Toolboxes\Data Management Tools.tbx\CalculateField" Date="20200515" Time="161610">CalculateField "Div 4\Div4_Irrig_2000" CROP_SRC "SAT" VB #</Process><Process ToolSource="c:\program files (x86)\arcgis\desktop10.5\ArcToolbox\Toolboxes\Data Management Tools.tbx\CalculateField" Date="20200515" Time="161802">CalculateField "Div 4\Div4_Irrig_2000" CAL_YEAR 2000 VB #</Process><Process ToolSource="c:\program files (x86)\arcgis\desktop10.5\ArcToolbox\Toolboxes\Data Management Tools.tbx\CalculateField" Date="20200518" Time="124338">CalculateField "Div 4\Div4_Irrig_2000" CROP_SRC "SAT" VB #</Process><Process ToolSource="c:\program files (x86)\arcgis\desktop10.5\ArcToolbox\Toolboxes\Data Management Tools.tbx\CalculateField" Date="20200518" Time="124352">CalculateField "Div 4\Div4_Irrig_2000" CAL_YEAR 2000 VB #</Process><Process ToolSource="c:\program files (x86)\arcgis\desktop10.5\ArcToolbox\Toolboxes\Data Management Tools.tbx\CalculateField" Date="20200518" Time="131154">CalculateField "Div 4\Div4_Irrig_2000" CROP_SRC "SAT" VB #</Process><Process ToolSource="c:\program files (x86)\arcgis\desktop10.5\ArcToolbox\Toolboxes\Data Management Tools.tbx\CalculateField" Date="20200518" Time="131208">CalculateField "Div 4\Div4_Irrig_2000" CAL_YEAR 2000 VB #</Process><Process ToolSource="c:\program files (x86)\arcgis\desktop10.5\ArcToolbox\Toolboxes\Data Management Tools.tbx\CalculateField" Date="20200518" Time="132217">CalculateField "Div 4\Div4_Irrig_2000" CAL_YEAR 2000 VB #</Process><Process ToolSource="c:\program files (x86)\arcgis\desktop10.5\ArcToolbox\Toolboxes\Data Management Tools.tbx\CalculateField" Date="20200518" Time="132226">CalculateField "Div 4\Div4_Irrig_2000" CROP_SRC "SAT" VB #</Process><Process ToolSource="c:\program files (x86)\arcgis\desktop10.5\ArcToolbox\Toolboxes\Data Management Tools.tbx\CalculateField" Date="20200518" Time="134440">CalculateField "Div 4\Div4_Irrig_2000" CROP_SRC "SAT" VB #</Process><Process ToolSource="c:\program files (x86)\arcgis\desktop10.5\ArcToolbox\Toolboxes\Data Management Tools.tbx\CalculateField" Date="20200518" Time="134458">CalculateField "Div 4\Div4_Irrig_2000" CAL_YEAR 2000 VB #</Process><Process ToolSource="c:\program files (x86)\arcgis\desktop10.5\ArcToolbox\Toolboxes\Data Management Tools.tbx\CalculateField" Date="20200518" Time="154155">CalculateField "Div 4\Div4_Irrig_2000" CROP_SRC "SAT" VB #</Process><Process ToolSource="c:\program files (x86)\arcgis\desktop10.5\ArcToolbox\Toolboxes\Data Management Tools.tbx\CalculateField" Date="20200518" Time="154206">CalculateField "Div 4\Div4_Irrig_2000" CAL_YEAR 2000 VB #</Process><Process ToolSource="c:\program files (x86)\arcgis\desktop10.5\ArcToolbox\Toolboxes\Data Management Tools.tbx\CalculateField" Date="20200520" Time="101557">CalculateField "Div 4\Div4_Irrig_2000" CAL_YEAR 2000 VB #</Process><Process ToolSource="c:\program files (x86)\arcgis\desktop10.5\ArcToolbox\Toolboxes\Data Management Tools.tbx\CalculateField" Date="20200520" Time="121941">CalculateField "Div 4\Div4_Irrig_2000" CROP_SRC "SAT" VB #</Process><Process ToolSource="c:\program files (x86)\arcgis\desktop10.5\ArcToolbox\Toolboxes\Data Management Tools.tbx\CalculateField" Date="20200520" Time="122007">CalculateField "Div 4\Div4_Irrig_2000" CAL_YEAR 2000 VB #</Process><Process ToolSource="c:\program files (x86)\arcgis\desktop10.5\ArcToolbox\Toolboxes\Data Management Tools.tbx\CalculateField" Date="20200520" Time="123828">CalculateField "Div 4\Div4_Irrig_2000" CAL_YEAR 2000 VB #</Process><Process ToolSource="c:\program files (x86)\arcgis\desktop10.5\ArcToolbox\Toolboxes\Data Management Tools.tbx\CalculateField" Date="20200520" Time="133345">CalculateField "Div 4\Div4_Irrig_2000" CAL_YEAR 2000 VB #</Process><Process ToolSource="c:\program files (x86)\arcgis\desktop10.5\ArcToolbox\Toolboxes\Data Management Tools.tbx\CalculateField" Date="20200520" Time="141620">CalculateField "Div 4\Div4_Irrig_2000" CAL_YEAR 2000 VB #</Process><Process ToolSource="c:\program files (x86)\arcgis\desktop10.5\ArcToolbox\Toolboxes\Data Management Tools.tbx\CalculateField" Date="20200520" Time="141650">CalculateField "Div 4\Div4_Irrig_2000" CAL_YEAR 2000 VB #</Process><Process ToolSource="c:\program files (x86)\arcgis\desktop10.5\ArcToolbox\Toolboxes\Data Management Tools.tbx\CalculateField" Date="20200520" Time="144057">CalculateField "Div 4\Div4_Irrig_2000" CROP_SRC "SAT" VB #</Process><Process ToolSource="c:\program files (x86)\arcgis\desktop10.5\ArcToolbox\Toolboxes\Data Management Tools.tbx\CalculateField" Date="20200520" Time="144111">CalculateField "Div 4\Div4_Irrig_2000" CAL_YEAR 2000 VB #</Process><Process ToolSource="c:\program files (x86)\arcgis\desktop10.5\ArcToolbox\Toolboxes\Data Management Tools.tbx\CalculateField" Date="20200521" Time="154043">CalculateField "Div 4\Div4_Irrig_2000" CROP_SRC "SAT" VB #</Process><Process ToolSource="c:\program files (x86)\arcgis\desktop10.5\ArcToolbox\Toolboxes\Data Management Tools.tbx\CalculateField" Date="20200521" Time="154106">CalculateField "Div 4\Div4_Irrig_2000" CAL_YEAR 2000 VB #</Process><Process ToolSource="c:\program files (x86)\arcgis\desktop10.5\ArcToolbox\Toolboxes\Data Management Tools.tbx\CalculateField" Date="20200521" Time="155051">CalculateField "Div 4\Div4_Irrig_2000" CROP_SRC "SAT" VB #</Process><Process ToolSource="c:\program files (x86)\arcgis\desktop10.5\ArcToolbox\Toolboxes\Data Management Tools.tbx\CalculateField" Date="20200521" Time="155102">CalculateField "Div 4\Div4_Irrig_2000" CAL_YEAR 2000 VB #</Process><Process ToolSource="c:\program files (x86)\arcgis\desktop10.5\ArcToolbox\Toolboxes\Data Management Tools.tbx\CalculateField" Date="20200521" Time="160046">CalculateField "Div 4\Div4_Irrig_2000" CROP_SRC "SAT" VB #</Process><Process ToolSource="c:\program files (x86)\arcgis\desktop10.5\ArcToolbox\Toolboxes\Data Management Tools.tbx\CalculateField" Date="20200521" Time="160058">CalculateField "Div 4\Div4_Irrig_2000" CAL_YEAR 2000 VB #</Process><Process ToolSource="c:\program files (x86)\arcgis\desktop10.5\ArcToolbox\Toolboxes\Data Management Tools.tbx\CalculateField" Date="20200521" Time="161423">CalculateField "Div 4\Div4_Irrig_2000" CAL_YEAR 2000 VB #</Process><Process ToolSource="c:\program files (x86)\arcgis\desktop10.5\ArcToolbox\Toolboxes\Data Management Tools.tbx\CalculateField" Date="20200522" Time="113654">CalculateField "Div 4\Div4_Irrig_2000" CROP_SRC "SAT" VB #</Process><Process ToolSource="c:\program files (x86)\arcgis\desktop10.5\ArcToolbox\Toolboxes\Data Management Tools.tbx\CalculateField" Date="20200522" Time="113706">CalculateField "Div 4\Div4_Irrig_2000" CAL_YEAR 2000 VB #</Process><Process ToolSource="c:\program files (x86)\arcgis\desktop10.5\ArcToolbox\Toolboxes\Data Management Tools.tbx\CalculateField" Date="20200528" Time="132208">CalculateField "Div 4\Div4_Irrig_2000" CAL_YEAR 2000 VB #</Process><Process ToolSource="c:\program files (x86)\arcgis\desktop10.5\ArcToolbox\Toolboxes\Data Management Tools.tbx\CalculateField" Date="20200528" Time="145104">CalculateField "Div 4\Div4_Irrig_2000" CAL_YEAR 2000 VB #</Process><Process ToolSource="c:\program files (x86)\arcgis\desktop10.5\ArcToolbox\Toolboxes\Data Management Tools.tbx\CalculateField" Date="20200528" Time="145251">CalculateField "Div 4\Div4_Irrig_2000" CAL_YEAR 2000 VB #</Process><Process ToolSource="c:\program files (x86)\arcgis\desktop10.5\ArcToolbox\Toolboxes\Data Management Tools.tbx\CalculateField" Date="20200528" Time="160728">CalculateField "Div 4\Div4_Irrig_2000" CROP_SRC "SAT" VB #</Process><Process ToolSource="c:\program files (x86)\arcgis\desktop10.5\ArcToolbox\Toolboxes\Data Management Tools.tbx\CalculateField" Date="20200528" Time="160907">CalculateField "Div 4\Div4_Irrig_2000" CAL_YEAR 2000 VB #</Process><Process ToolSource="c:\program files (x86)\arcgis\desktop10.5\ArcToolbox\Toolboxes\Data Management Tools.tbx\CalculateField" Date="20200529" Time="131831">CalculateField "Div 4\Div4_Irrig_2000" CROP_SRC "SAT" VB #</Process><Process ToolSource="c:\program files (x86)\arcgis\desktop10.5\ArcToolbox\Toolboxes\Data Management Tools.tbx\CalculateField" Date="20200529" Time="131845">CalculateField "Div 4\Div4_Irrig_2000" CAL_YEAR 2000 VB #</Process><Process ToolSource="c:\program files (x86)\arcgis\desktop10.5\ArcToolbox\Toolboxes\Data Management Tools.tbx\CalculateField" Date="20200529" Time="134506">CalculateField "Div 4\Div4_Irrig_2000" CAL_YEAR 2000 VB #</Process><Process ToolSource="c:\program files (x86)\arcgis\desktop10.5\ArcToolbox\Toolboxes\Data Management Tools.tbx\CalculateField" Date="20200529" Time="161239">CalculateField "Div 4\Div4_Irrig_2000" CROP_SRC "SAT" VB #</Process><Process ToolSource="c:\program files (x86)\arcgis\desktop10.5\ArcToolbox\Toolboxes\Data Management Tools.tbx\CalculateField" Date="20200529" Time="161340">CalculateField "Div 4\Div4_Irrig_2000" CAL_YEAR 2000 VB #</Process><Process ToolSource="c:\program files (x86)\arcgis\desktop10.5\ArcToolbox\Toolboxes\Data Management Tools.tbx\CalculateField" Date="20200605" Time="135608">CalculateField "Div 4\Div4_Irrig_2000" CAL_YEAR 2000 VB #</Process><Process ToolSource="c:\program files (x86)\arcgis\desktop10.5\ArcToolbox\Toolboxes\Data Management Tools.tbx\CalculateField" Date="20200605" Time="142317">CalculateField "Div 4\Div4_Irrig_2000" CAL_YEAR 2000 VB #</Process><Process ToolSource="c:\program files (x86)\arcgis\desktop10.5\ArcToolbox\Toolboxes\Data Management Tools.tbx\CalculateField" Date="20200608" Time="153237">CalculateField "Div 4\Div4_Irrig_2000" CROP_SRC "SAT" VB #</Process><Process ToolSource="c:\program files (x86)\arcgis\desktop10.5\ArcToolbox\Toolboxes\Data Management Tools.tbx\CalculateField" Date="20200608" Time="153256">CalculateField "Div 4\Div4_Irrig_2000" CAL_YEAR 2000 VB #</Process><Process ToolSource="c:\program files (x86)\arcgis\desktop10.5\ArcToolbox\Toolboxes\Data Management Tools.tbx\CalculateField" Date="20200610" Time="094628">CalculateField "Div 4\Div4_Irrig_2000" CROP_SRC "SAT" VB #</Process><Process ToolSource="c:\program files (x86)\arcgis\desktop10.5\ArcToolbox\Toolboxes\Data Management Tools.tbx\CalculateField" Date="20200610" Time="094651">CalculateField "Div 4\Div4_Irrig_2000" CAL_YEAR 2000 VB #</Process><Process ToolSource="c:\program files (x86)\arcgis\desktop10.5\ArcToolbox\Toolboxes\Data Management Tools.tbx\CalculateField" Date="20200610" Time="160606">CalculateField "Div 4\Div4_Irrig_2000" CROP_SRC "SAT" VB #</Process><Process ToolSource="c:\program files (x86)\arcgis\desktop10.5\ArcToolbox\Toolboxes\Data Management Tools.tbx\CalculateField" Date="20200610" Time="160621">CalculateField "Div 4\Div4_Irrig_2000" CAL_YEAR 2000 VB #</Process><Process ToolSource="c:\program files (x86)\arcgis\desktop10.5\ArcToolbox\Toolboxes\Data Management Tools.tbx\CalculateField" Date="20200610" Time="162503">CalculateField "Div 4\Div4_Irrig_2000" CROP_SRC "SAT" VB #</Process><Process ToolSource="c:\program files (x86)\arcgis\desktop10.5\ArcToolbox\Toolboxes\Data Management Tools.tbx\CalculateField" Date="20200610" Time="162520">CalculateField "Div 4\Div4_Irrig_2000" CAL_YEAR 2000 VB #</Process><Process ToolSource="c:\program files (x86)\arcgis\desktop10.5\ArcToolbox\Toolboxes\Data Management Tools.tbx\CalculateField" Date="20200610" Time="163511">CalculateField "Div 4\Div4_Irrig_2000" CAL_YEAR 2000 VB #</Process><Process ToolSource="c:\program files (x86)\arcgis\desktop10.5\ArcToolbox\Toolboxes\Data Management Tools.tbx\CalculateField" Date="20200611" Time="094345">CalculateField "Div 4\Div4_Irrig_2000" CROP_SRC "SAT" VB #</Process><Process ToolSource="c:\program files (x86)\arcgis\desktop10.5\ArcToolbox\Toolboxes\Data Management Tools.tbx\CalculateField" Date="20200611" Time="094357">CalculateField "Div 4\Div4_Irrig_2000" CAL_YEAR 2000 VB #</Process><Process ToolSource="c:\program files (x86)\arcgis\desktop10.5\ArcToolbox\Toolboxes\Data Management Tools.tbx\CalculateField" Date="20200611" Time="115019">CalculateField "Div 4\Div4_Irrig_2000" CAL_YEAR 2000 VB #</Process><Process ToolSource="c:\program files (x86)\arcgis\desktop10.5\ArcToolbox\Toolboxes\Data Management Tools.tbx\CalculateField" Date="20200611" Time="122535">CalculateField "Div 4\Div4_Irrig_2000" CROP_SRC "SAT" VB #</Process><Process ToolSource="c:\program files (x86)\arcgis\desktop10.5\ArcToolbox\Toolboxes\Data Management Tools.tbx\CalculateField" Date="20200611" Time="122555">CalculateField "Div 4\Div4_Irrig_2000" CAL_YEAR 2000 VB #</Process><Process ToolSource="c:\program files (x86)\arcgis\desktop10.5\ArcToolbox\Toolboxes\Data Management Tools.tbx\CalculateField" Date="20200611" Time="132304">CalculateField "Div 4\Div4_Irrig_2000" CROP_SRC "SAT" VB #</Process><Process ToolSource="c:\program files (x86)\arcgis\desktop10.5\ArcToolbox\Toolboxes\Data Management Tools.tbx\CalculateField" Date="20200611" Time="132327">CalculateField "Div 4\Div4_Irrig_2000" CAL_YEAR 2000 VB #</Process><Process ToolSource="c:\program files (x86)\arcgis\desktop10.5\ArcToolbox\Toolboxes\Data Management Tools.tbx\CalculateField" Date="20200611" Time="151128">CalculateField "Div 4\Div4_Irrig_2000" CROP_SRC "SAT" VB #</Process><Process ToolSource="c:\program files (x86)\arcgis\desktop10.5\ArcToolbox\Toolboxes\Data Management Tools.tbx\CalculateField" Date="20200611" Time="151145">CalculateField "Div 4\Div4_Irrig_2000" CAL_YEAR 2000 VB #</Process><Process ToolSource="c:\program files (x86)\arcgis\desktop10.5\ArcToolbox\Toolboxes\Data Management Tools.tbx\CalculateField" Date="20200612" Time="092122">CalculateField "Div 4\Div4_Irrig_2000" CROP_SRC "SAT" VB #</Process><Process ToolSource="c:\program files (x86)\arcgis\desktop10.5\ArcToolbox\Toolboxes\Data Management Tools.tbx\CalculateField" Date="20200612" Time="092136">CalculateField "Div 4\Div4_Irrig_2000" CAL_YEAR 2000 VB #</Process><Process ToolSource="c:\program files (x86)\arcgis\desktop10.5\ArcToolbox\Toolboxes\Data Management Tools.tbx\CalculateField" Date="20200612" Time="124015">CalculateField "Div 4\Div4_Irrig_2000" CROP_SRC "SAT" VB #</Process><Process ToolSource="c:\program files (x86)\arcgis\desktop10.5\ArcToolbox\Toolboxes\Data Management Tools.tbx\CalculateField" Date="20200612" Time="124108">CalculateField "Div 4\Div4_Irrig_2000" CAL_YEAR 2000 VB #</Process><Process ToolSource="c:\program files (x86)\arcgis\desktop10.5\ArcToolbox\Toolboxes\Data Management Tools.tbx\CalculateField" Date="20200612" Time="124858">CalculateField "Div 4\Div4_Irrig_2000" CAL_YEAR 2000 VB #</Process><Process ToolSource="c:\program files (x86)\arcgis\desktop10.5\ArcToolbox\Toolboxes\Data Management Tools.tbx\CalculateField" Date="20200612" Time="132906">CalculateField "Div 4\Div4_Irrig_2000" CAL_YEAR 2000 VB #</Process><Process ToolSource="c:\program files (x86)\arcgis\desktop10.5\ArcToolbox\Toolboxes\Data Management Tools.tbx\CalculateField" Date="20200612" Time="133532">CalculateField "Div 4\Div4_Irrig_2000" CROP_SRC "SAT" VB #</Process><Process ToolSource="c:\program files (x86)\arcgis\desktop10.5\ArcToolbox\Toolboxes\Data Management Tools.tbx\CalculateField" Date="20200612" Time="133551">CalculateField "Div 4\Div4_Irrig_2000" CAL_YEAR 2000 VB #</Process><Process ToolSource="c:\program files (x86)\arcgis\desktop10.5\ArcToolbox\Toolboxes\Data Management Tools.tbx\CalculateField" Date="20200615" Time="114426">CalculateField "Div 4\Div4_Irrig_2000" CROP_SRC "SAT" VB #</Process><Process ToolSource="c:\program files (x86)\arcgis\desktop10.5\ArcToolbox\Toolboxes\Data Management Tools.tbx\CalculateField" Date="20200615" Time="114440">CalculateField "Div 4\Div4_Irrig_2000" CAL_YEAR 2000 VB #</Process><Process ToolSource="c:\program files (x86)\arcgis\desktop10.5\ArcToolbox\Toolboxes\Data Management Tools.tbx\CalculateField" Date="20200616" Time="151758">CalculateField "Div 4\Div4_Irrig_2000" CROP_SRC "SAT" VB #</Process><Process ToolSource="c:\program files (x86)\arcgis\desktop10.5\ArcToolbox\Toolboxes\Data Management Tools.tbx\CalculateField" Date="20200616" Time="151814">CalculateField "Div 4\Div4_Irrig_2000" CAL_YEAR 2000 VB #</Process><Process ToolSource="c:\program files (x86)\arcgis\desktop10.5\ArcToolbox\Toolboxes\Data Management Tools.tbx\CalculateField" Date="20200616" Time="152927">CalculateField "Div 4\Div4_Irrig_2000" CAL_YEAR 2000 VB #</Process><Process ToolSource="c:\program files (x86)\arcgis\desktop10.5\ArcToolbox\Toolboxes\Data Management Tools.tbx\CalculateField" Date="20200616" Time="155432">CalculateField "Div 4\Div4_Irrig_2000" CROP_SRC "SAT" VB #</Process><Process ToolSource="c:\program files (x86)\arcgis\desktop10.5\ArcToolbox\Toolboxes\Data Management Tools.tbx\CalculateField" Date="20200616" Time="155457">CalculateField "Div 4\Div4_Irrig_2000" CAL_YEAR 2000 VB #</Process><Process ToolSource="c:\program files (x86)\arcgis\desktop10.5\ArcToolbox\Toolboxes\Data Management Tools.tbx\CalculateField" Date="20200617" Time="131705">CalculateField "Div 4\Div4_Irrig_2000" CAL_YEAR 2000 VB #</Process><Process ToolSource="c:\program files (x86)\arcgis\desktop10.5\ArcToolbox\Toolboxes\Data Management Tools.tbx\CalculateField" Date="20201020" Time="121720">CalculateField Div4\Div4_Irrig_2000 CAL_YEAR 2000 VB #</Process><Process ToolSource="c:\program files (x86)\arcgis\desktop10.5\ArcToolbox\Toolboxes\Data Management Tools.tbx\CalculateField" Date="20201020" Time="121731">CalculateField Div4\Div4_Irrig_2000 DIV 4 VB #</Process><Process ToolSource="c:\program files (x86)\arcgis\desktop10.5\ArcToolbox\Toolboxes\Data Management Tools.tbx\CalculateField" Date="20201020" Time="121753">CalculateField Div4\Div4_Irrig_2000 PARCEL_ID "[DIV] &amp; Right (("00" &amp; [DISTRICT]), 2) &amp; Right (("00000" &amp; [OBJECTID]), 5)" VB #</Process><Process ToolSource="c:\program files (x86)\arcgis\desktop10.5\ArcToolbox\Toolboxes\Data Management Tools.tbx\CalculateField" Date="20201020" Time="122017">CalculateField Div4\Div4_Irrig_2000 COMMENTS "" VB #</Process><Process ToolSource="c:\program files (x86)\arcgis\desktop10.5\ArcToolbox\Toolboxes\Data Management Tools.tbx\CalculateField" Date="20201020" Time="122027">CalculateField Div4\Div4_Irrig_2000 COMMENTS "" VB #</Process><Process ToolSource="c:\program files (x86)\arcgis\desktop10.5\ArcToolbox\Toolboxes\Data Management Tools.tbx\CalculateField" Date="20201020" Time="122045">CalculateField Div4\Div4_Irrig_2000 COMMENTS "" VB #</Process><Process ToolSource="c:\program files (x86)\arcgis\desktop10.5\ArcToolbox\Toolboxes\Data Management Tools.tbx\CalculateField" Date="20201020" Time="122055">CalculateField Div4\Div4_Irrig_2000 COMMENTS "" VB #</Process><Process ToolSource="c:\program files (x86)\arcgis\desktop10.5\ArcToolbox\Toolboxes\Data Management Tools.tbx\CalculateField" Date="20201020" Time="122105">CalculateField Div4\Div4_Irrig_2000 COMMENTS "" VB #</Process><Process ToolSource="c:\program files (x86)\arcgis\desktop10.5\ArcToolbox\Toolboxes\Data Management Tools.tbx\CalculateField" Date="20201020" Time="122115">CalculateField Div4\Div4_Irrig_2000 COMMENTS "" VB #</Process><Process ToolSource="c:\program files (x86)\arcgis\desktop10.5\ArcToolbox\Toolboxes\Data Management Tools.tbx\CalculateField" Date="20201020" Time="122133">CalculateField Div4\Div4_Irrig_2000 COMMENTS "" VB #</Process><Process ToolSource="c:\program files (x86)\arcgis\desktop10.5\ArcToolbox\Toolboxes\Data Management Tools.tbx\CalculateField" Date="20201020" Time="122142">CalculateField Div4\Div4_Irrig_2000 COMMENTS "" VB #</Process><Process ToolSource="c:\program files (x86)\arcgis\desktop10.5\ArcToolbox\Toolboxes\Data Management Tools.tbx\CalculateField" Date="20201020" Time="122153">CalculateField Div4\Div4_Irrig_2000 COMMENTS "" VB #</Process><Process ToolSource="c:\program files (x86)\arcgis\desktop10.8\ArcToolbox\Toolboxes\Data Management Tools.tbx\CalculateField" Date="20211026" Time="162750">CalculateField Div4\Div4_Irrig_2000 SW_WDID2 4000920 VB #</Process><Process ToolSource="c:\program files (x86)\arcgis\desktop10.8\ArcToolbox\Toolboxes\Data Management Tools.tbx\CalculateField" Date="20211026" Time="165445">CalculateField Div4\Div4_Irrig_2000 SW_WDID2 4000920 VB #</Process><Process ToolSource="c:\program files (x86)\arcgis\desktop10.8\ArcToolbox\Toolboxes\Data Management Tools.tbx\CalculateField" Date="20211026" Time="165512">CalculateField Div4\Div4_Irrig_2000 SW_WDID2 "6800690 " VB #</Process><Process ToolSource="c:\program files (x86)\arcgis\desktop10.8\ArcToolbox\Toolboxes\Data Management Tools.tbx\CalculateField" Date="20211110" Time="165543">CalculateField Div4\Div4_Irrig_2000 SW_WDID2 4000962 VB #</Process><Process ToolSource="c:\program files (x86)\arcgis\desktop10.8\ArcToolbox\Toolboxes\Data Management Tools.tbx\CalculateField" Date="20211118" Time="135145">CalculateField Div4\Div4_Irrig_2000 CAL_YEAR 2020 VB #</Process><Process ToolSource="c:\program files (x86)\arcgis\desktop10.8\ArcToolbox\Toolboxes\Data Management Tools.tbx\CalculateField" Date="20211118" Time="135215">CalculateField Div4\Div4_Irrig_2000 PARCEL_ID "[DIV] &amp; Right (("00" &amp; [DISTRICT]), 2) &amp; Right (("00000" &amp; [OBJECTID]), 5)" VB #</Process><Process ToolSource="c:\users\ckb\appdata\local\programs\arcgis\pro\Resources\ArcToolbox\toolboxes\Data Management Tools.tbx\CalculateField" Date="20220816" Time="110803">CalculateField Years\Div4_Irrig_2000 SW_WDID2 "4000730" "Python 3" # Text NO_ENFORCE_DOMAINS</Process><Process ToolSource="c:\program files (x86)\arcgis\desktop10.7\ArcToolbox\Toolboxes\Data Management Tools.tbx\CalculateField" Date="20220824" Time="143016">CalculateField Years\Div4_Irrig_2000 SW_WDID2 "" VB #</Process><Process ToolSource="c:\program files (x86)\arcgis\desktop10.7\ArcToolbox\Toolboxes\Data Management Tools.tbx\CalculateField" Date="20220824" Time="143019">CalculateField Years\Div4_Irrig_2000 SW_WDID3 "" VB #</Process><Process ToolSource="c:\program files (x86)\arcgis\desktop10.7\ArcToolbox\Toolboxes\Data Management Tools.tbx\CalculateField" Date="20220906" Time="095330">CalculateField Years\Div4_Irrig_2000 SW_WDID2 "" VB #</Process><Process ToolSource="c:\program files (x86)\arcgis\desktop10.7\ArcToolbox\Toolboxes\Data Management Tools.tbx\CalculateField" Date="20220916" Time="132720">CalculateField Years\Div4_Irrig_2000 CAL_YEAR 2000 VB #</Process><Process ToolSource="c:\program files (x86)\arcgis\desktop10.7\ArcToolbox\Toolboxes\Data Management Tools.tbx\CalculateField" Date="20220916" Time="132738">CalculateField Years\Div4_Irrig_2000 PARCEL_ID "[DIV] &amp; Right (("00" &amp; [DISTRICT]), 2) &amp; Right (("00000" &amp; [OBJECTID]), 5)" VB #</Process><Process ToolSource="c:\program files (x86)\arcgis\desktop10.7\ArcToolbox\Toolboxes\Data Management Tools.tbx\CalculateField" Date="20220916" Time="132748">CalculateField Years\Div4_Irrig_2000 MASTER_ID "[OBJECTID] +100" VB #</Process><Process ToolSource="c:\program files (x86)\arcgis\desktop10.7\ArcToolbox\Toolboxes\Data Management Tools.tbx\CalculateField" Date="20220921" Time="090521">CalculateField Years\Div4_Irrig_2000 SW_WDID2 "4000508" VB #</Process><Process ToolSource="c:\program files (x86)\arcgis\desktop10.7\ArcToolbox\Toolboxes\Data Management Tools.tbx\CalculateField" Date="20220921" Time="090922">CalculateField Years\Div4_Irrig_2000 SW_WDID2 "4001230" VB #</Process><Process ToolSource="c:\program files (x86)\arcgis\desktop10.7\ArcToolbox\Toolboxes\Data Management Tools.tbx\CalculateField" Date="20220923" Time="103209">CalculateField Years\Div4_Irrig_2000 PARCEL_ID "[DIV] &amp; Right (("00" &amp; [DISTRICT]), 2) &amp; Right (("00000" &amp; [OBJECTID]), 5)" VB #</Process><Process ToolSource="c:\program files (x86)\arcgis\desktop10.7\ArcToolbox\Toolboxes\Data Management Tools.tbx\CalculateField" Date="20220923" Time="103219">CalculateField Years\Div4_Irrig_2000 MASTER_ID "[OBJECTID] +100" VB #</Process><Process ToolSource="c:\program files (x86)\arcgis\desktop10.7\ArcToolbox\Toolboxes\Data Management Tools.tbx\CalculateField" Date="20220923" Time="142412">CalculateField Years\Div4_Irrig_2000 SW_WDID2 "" VB #</Process><Process ToolSource="c:\program files (x86)\arcgis\desktop10.7\ArcToolbox\Toolboxes\Data Management Tools.tbx\CalculateField" Date="20220923" Time="145102">CalculateField Years\Div4_Irrig_2000 SW_WDID2 "" VB #</Process><Process ToolSource="c:\program files (x86)\arcgis\desktop10.7\ArcToolbox\Toolboxes\Data Management Tools.tbx\MultipartToSinglepart" Date="20220926" Time="144009">MultipartToSinglepart Div4_Irrig_2000 Y:\DWR_GIS\Data\DWR_Official_Datasets\GRDSS\GRDSS.gdb\GRDSS_Irrigated_Lands\Div4_Irrig_2000_SP</Process><Process ToolSource="c:\program files (x86)\arcgis\desktop10.7\ArcToolbox\Toolboxes\Data Management Tools.tbx\CalculateField" Date="20220926" Time="144112">CalculateField Div4_Irrig_2000_SP PARCEL_ID "[DIV] &amp; Right (("00" &amp; [DISTRICT]), 2) &amp; Right (("00000" &amp; [OBJECTID]), 5)" VB #</Process><Process ToolSource="c:\users\ckb\appdata\local\programs\arcgis\pro\Resources\ArcToolbox\toolboxes\Data Management Tools.tbx\CalculateField" Date="20231016" Time="090117">CalculateField Years\Div4_Irrig_2000 SW_WDID2 4004099 "Python 3" # Text NO_ENFORCE_DOMAINS</Process><Process ToolSource="c:\users\ckb\appdata\local\programs\arcgis\pro\Resources\ArcToolbox\toolboxes\Data Management Tools.tbx\CalculateField" Date="20231102" Time="102415">CalculateField Years\Div4_Irrig_2000 SW_WDID1 4100538 "Python 3" # Text NO_ENFORCE_DOMAINS</Process><Process ToolSource="c:\users\ckb\appdata\local\programs\arcgis\pro\Resources\ArcToolbox\toolboxes\Data Management Tools.tbx\CalculateField" Date="20231102" Time="103201">CalculateField Years\Div4_Irrig_2000 SW_WDID1 4100542 "Python 3" # Text NO_ENFORCE_DOMAINS</Process><Process ToolSource="c:\users\ckb\appdata\local\programs\arcgis\pro\Resources\ArcToolbox\toolboxes\Data Management Tools.tbx\CalculateField" Date="20231113" Time="134502">CalculateField Years\Div4_Irrig_2000 SW_WDID1 4100527 "Python 3" # Text NO_ENFORCE_DOMAINS</Process><Process ToolSource="c:\users\ckb\appdata\local\programs\arcgis\pro\Resources\ArcToolbox\toolboxes\Data Management Tools.tbx\CalculateField" Date="20231113" Time="143915">CalculateField Years\Div4_Irrig_2000 SW_WDID1 4100534 "Python 3" # Text NO_ENFORCE_DOMAINS</Process><Process ToolSource="c:\users\ckb\appdata\local\programs\arcgis\pro\Resources\ArcToolbox\toolboxes\Data Management Tools.tbx\CalculateField" Date="20231114" Time="114931">CalculateField Years\Div4_Irrig_2000 SW_WDID1 4100577 "Python 3" # Text NO_ENFORCE_DOMAINS</Process><Process ToolSource="c:\users\ckb\appdata\local\programs\arcgis\pro\Resources\ArcToolbox\toolboxes\Data Management Tools.tbx\CalculateField" Date="20231114" Time="120031">CalculateField Years\Div4_Irrig_2000 SW_WDID2 4100554 "Python 3" # Text NO_ENFORCE_DOMAINS</Process><Process ToolSource="c:\users\ckb\appdata\local\programs\arcgis\pro\Resources\ArcToolbox\toolboxes\Data Management Tools.tbx\CalculateField" Date="20231114" Time="125227">CalculateField Years\Div4_Irrig_2000 SW_WDID2 4100519 "Python 3" # Text NO_ENFORCE_DOMAINS</Process><Process ToolSource="c:\users\ckb\appdata\local\programs\arcgis\pro\Resources\ArcToolbox\toolboxes\Data Management Tools.tbx\CalculateField" Date="20231114" Time="143547">CalculateField Years\Div4_Irrig_2000 SW_WDID1 4100533 "Python 3" # Text NO_ENFORCE_DOMAINS</Process><Process ToolSource="c:\users\ckb\appdata\local\programs\arcgis\pro\Resources\ArcToolbox\toolboxes\Data Management Tools.tbx\CalculateField" Date="20231115" Time="144427">CalculateField Years\Div4_Irrig_2000 SW_WDID1 4100566 "Python 3" # Text NO_ENFORCE_DOMAINS</Process><Process ToolSource="c:\users\ckb\appdata\local\programs\arcgis\pro\Resources\ArcToolbox\toolboxes\Data Management Tools.tbx\CalculateField" Date="20231115" Time="150136">CalculateField Years\Div4_Irrig_2000 SW_WDID2 4100671 "Python 3" # Text NO_ENFORCE_DOMAINS</Process></lineage></DataProperties><SyncDate>20231214</SyncDate><SyncTime>12435900</SyncTime><ModDate>20231214</ModDate><ModTime>12435900</ModTime><ArcGISProfile>ISO19139</ArcGISProfile><scaleRange><minScale>500000</minScale><maxScale>5000</maxScale></scaleRange></Esri><mdLang><languageCode value="eng"/><countryCode value="USA" Sync="TRUE"></countryCode></mdLang><mdChar><CharSetCd value="004"/></mdChar><mdHrLv><ScopeCd value="005"/></mdHrLv><mdContact><editorSource>external</editorSource><editorDigest>56705914e5ae2d98bae00911469f1059</editorDigest><rpOrgName>GIS Coordinator, Colorado Water Conservation Board, GIS Program Manager</rpOrgName><editorSave>True</editorSave><displayName>GIS Coordinator, Colorado Water Conservation Board, GIS Program Manager</displayName><role><RoleCd value="006"/></role></mdContact><dataIdInfo><idCitation><presForm><fgdcGeoform>vector digital data</fgdcGeoform><PresFormCd value="005" Sync="TRUE"></PresFormCd></presForm><date><createDate>2015-12-30T00:00:00</createDate><pubDate>2016-01-08T00:00:00</pubDate></date><citRespParty><rpIndName>Carolyn Fritz</rpIndName><rpOrgName>Colorado Water Conservation Board</rpOrgName><rpPosName>GIS Coordinator</rpPosName><rpCntInfo><cntAddress addressType="postal"><delPoint>1313 Sherman Street, Room 721</delPoint><city>Denver</city><adminArea>CO</adminArea><postCode>80203</postCode><eMailAdd>carolyn.fritz@state.co.us</eMailAdd></cntAddress><cntPhone><voiceNum>303-866-3441</voiceNum></cntPhone></rpCntInfo><displayName>Carolyn Fritz</displayName><role><RoleCd value="006"/></role></citRespParty><resTitle Sync="TRUE">Div4_Irrig_2000</resTitle></idCitation><idPurp>Input for the CDSS. Assist Colorado Water Conservation Board and Division of Water Resources in water management and administration. </idPurp><idAbs>&lt;DIV STYLE="text-align:Left;"&gt;&lt;DIV&gt;&lt;DIV&gt;&lt;P&gt;&lt;SPAN&gt;Spatial and informational database of irrigated parcels in Division 4 for the 2000 growing season in support of the CDSS. &lt;/SPAN&gt;&lt;/P&gt;&lt;/DIV&gt;&lt;/DIV&gt;&lt;/DIV&gt;</idAbs><idCredit>CDSS funded by Colorado Water Conservation Board (CWCB) and Colorado Division of Water Resources (CDWR). Input to dataset from various water users including water commissioners, ditch companies, water management groups, and individual farmers.</idCredit><searchKeys><keyword>Irrigated Lands</keyword><keyword>Division 4</keyword><keyword>Gunnison</keyword><keyword>2000</keyword></searchKeys><dataChar><CharSetCd value="004"/></dataChar><resMaint><maintFreq><MaintFreqCd value="009"/></maintFreq><maintCont><rpIndName>Carolyn Fritz</rpIndName><rpOrgName>Colorado Water Conservation Board</rpOrgName><rpPosName>GIS Coordinator</rpPosName><rpCntInfo><cntAddress addressType="postal"><delPoint>1313 Sherman Street, Room 721</delPoint><city>Denver</city><adminArea>CO</adminArea><postCode>80203</postCode><eMailAdd>carolyn.fritz@state.co.us</eMailAdd></cntAddress><cntPhone><voiceNum>303-866-3441</voiceNum></cntPhone></rpCntInfo><displayName>Carolyn Fritz</displayName><role><RoleCd value="006"/></role></maintCont></resMaint><resConst><Consts><useLimit>&lt;DIV STYLE="text-align:Left;"&gt;&lt;DIV&gt;&lt;DIV&gt;&lt;P&gt;&lt;SPAN&gt;CWCB and CDWR provide no warranty to the users of this information as to the accuracy, reliability or completeness of the data. Information is subject to change according to additional input during subsequent phases of the CDSS project. The user assumes all responsibility for the use of this data.&lt;/SPAN&gt;&lt;/P&gt;&lt;/DIV&gt;&lt;/DIV&gt;&lt;/DIV&gt;</useLimit></Consts></resConst><envirDesc Sync="TRUE"> Version 6.2 (Build 9200) ; Esri ArcGIS 10.9.1.28388</envirDesc><dataLang><languageCode value="eng" Sync="TRUE"></languageCode><countryCode value="USA" Sync="TRUE"></countryCode></dataLang><spatRpType><SpatRepTypCd value="001" Sync="TRUE"></SpatRepTypCd></spatRpType><dataExt><geoEle><GeoBndBox esriExtentType="search"><exTypeCode Sync="TRUE">1</exTypeCode><westBL Sync="TRUE">-109.083178</westBL><eastBL Sync="TRUE">-106.320255</eastBL><northBL Sync="TRUE">39.171344</northBL><southBL Sync="TRUE">37.856571</southBL></GeoBndBox></geoEle></dataExt></dataIdInfo><mdMaint><maintFreq><MaintFreqCd value="010"/></maintFreq><maintCont><editorSource>external</editorSource><editorDigest>56705914e5ae2d98bae00911469f1059</editorDigest><rpOrgName>GIS Coordinator, Colorado Water Conservation Board, GIS Program Manager</rpOrgName><editorSave>True</editorSave><displayName>GIS Coordinator, Colorado Water Conservation Board, GIS Program Manager</displayName><role><RoleCd value="007"/></role></maintCont></mdMaint><dqInfo><dataLineage><statement>This dataset is a dirivative of the Division 4 Master Parcel dataset and crop type information provided by SSI in the original Yr 2000 irrigated lands data.</statement><prcStep><stepDesc>The Division 4, Master Parcel dataset was copied and used as a base for the 2000 dataset. The dataset was used in combination with 1990's DOQQs, and 2005 NAIP aerial imagery, and max NDVI Landsat imagery to refine field boundaries and identify additional potentially irrigated fields based on a visual assessment. </stepDesc><stepDateTm>2015-11-25T00:00:00</stepDateTm><stepProc><rpIndName>Carolyn Fritz</rpIndName><rpOrgName>Colorado Water Conservation Board</rpOrgName><rpPosName>GIS Coordinator</rpPosName><rpCntInfo><cntAddress addressType="postal"><delPoint>1313 Sherman Street, Room 721</delPoint><city>Denver</city><adminArea>CO</adminArea><postCode>80203</postCode><eMailAdd>carolyn.fritz@state.co.us</eMailAdd></cntAddress><cntPhone><voiceNum>303-866-3441</voiceNum></cntPhone></rpCntInfo><displayName>Carolyn Fritz</displayName><role><RoleCd value="009"/></role></stepProc></prcStep><prcStep><stepDesc>Multidate Landsat 7 images were composited and run through the NDVI model to obtain NDVI Max composites, which were then used to determine irrigated vs non-irrigated lands, and also where fields needed to be divided for potentially different crops.

</stepDesc><stepDateTm>2015-12-03T00:00:00</stepDateTm><stepProc><rpIndName>Carolyn Fritz</rpIndName><rpOrgName>Colorado Water Conservation Board</rpOrgName><rpPosName>GIS Coordinator</rpPosName><rpCntInfo><cntAddress addressType="postal"><delPoint>1313 Sherman Street, Room 721</delPoint><city>Denver</city><adminArea>CO</adminArea><postCode>80203</postCode><eMailAdd>carolyn.fritz@state.co.us</eMailAdd></cntAddress><cntPhone><voiceNum>303-866-3441</voiceNum></cntPhone></rpCntInfo><displayName>Carolyn Fritz</displayName><role><RoleCd value="009"/></role></stepProc></prcStep><prcStep><stepDesc>Crop Type Assignment: The original 2000 dataset (circa 2004) was converted into a raster classified by crop type. Zonal attributes were calculated to determine the majority crop in each field of the new dataset.

Crops such as bluegrass (on golf courses) orchards and vinyards - as denoted in the Master parcel dataset - were reviewed individually against ground truth data and aerial photos to ensure those classifications were accurate in 2000.  Changes were made accordingly.

Where crop information was not available, crops were assigned either based on available data in 2005 or 2010, or interpreted base on location and regional growing practices.</stepDesc><stepDateTm>2015-12-16T00:00:00</stepDateTm><stepProc><rpIndName>Carolyn Fritz</rpIndName><rpOrgName>Colorado Water Conservation Board</rpOrgName><rpPosName>GIS Coordinator</rpPosName><rpCntInfo><cntAddress addressType="postal"><delPoint>1313 Sherman Street, Room 721</delPoint><city>Denver</city><adminArea>CO</adminArea><postCode>80203</postCode><eMailAdd>carolyn.fritz@state.co.us</eMailAdd></cntAddress><cntPhone><voiceNum>303-866-3441</voiceNum></cntPhone></rpCntInfo><displayName>Carolyn Fritz</displayName><role><RoleCd value="009"/></role></stepProc></prcStep><prcStep><stepDesc>QA/QC: Irrigated parcels were checked again in a QAQC procedure to ensure they comply with CDSS standards. This included checking all attributes including: Crop Type and Irrigation Type normalization, SW_WDID attributes are not duplicated, all SW_WDID attributes exist in the structure table of HydroBase. Edits and adjustments were made accordingly. All parcels comply with CDSS standards. </stepDesc><stepDateTm>2015-12-28T00:00:00</stepDateTm><stepProc><rpIndName>Carolyn Fritz</rpIndName><rpOrgName>Colorado Water Conservation Board</rpOrgName><rpPosName>GIS Coordinator</rpPosName><rpCntInfo><cntAddress addressType="postal"><delPoint>1313 Sherman Street, Room 721</delPoint><city>Denver</city><adminArea>CO</adminArea><postCode>80203</postCode><eMailAdd>carolyn.fritz@state.co.us</eMailAdd></cntAddress><cntPhone><voiceNum>303-866-3441</voiceNum></cntPhone></rpCntInfo><displayName>Carolyn Fritz</displayName><role><RoleCd value="009"/></role></stepProc></prcStep></dataLineage><dqScope><scpLvl><ScopeCd value="005"/></scpLvl></dqScope></dqInfo><eainfo><detailed Name="Div4_Irrig_2000"><enttyp><enttypl Sync="TRUE">Div4_Irrig_2000</enttypl><enttypt Sync="TRUE">Feature Class</enttypt><enttypc Sync="TRUE">0</enttypc><enttypd>Irrigated Lands</enttypd><enttypds>CDWR</enttypds></enttyp><attr><attrlabl Sync="TRUE">FID</attrlabl><attalias Sync="TRUE">FID</attalias><attrtype Sync="TRUE">OID</attrtype><attwidth Sync="TRUE">4</attwidth><atprecis Sync="TRUE">0</atprecis><attscale Sync="TRUE">0</attscale><attrdef Sync="TRUE">Internal feature number.</attrdef><attrdefs Sync="TRUE">Esri</attrdefs><attrdomv><udom Sync="TRUE">Sequential unique whole numbers that are automatically generated.</udom></attrdomv></attr><attr><attrlabl>GW_ID10</attrlabl><attrdef>Unique ID of Groundwater Irrigation Source.</attrdef><attrdefs>CDWR</attrdefs><attalias Sync="TRUE">GW_ID10</attalias><attrtype Sync="TRUE">String</attrtype><attwidth Sync="TRUE">10</attwidth><atprecis Sync="TRUE">0</atprecis><attscale Sync="TRUE">0</attscale></attr><attr><attrlabl>GW_TYPE1</attrlabl><attrdef>Type of Ground Water Irrigation Source ID.</attrdef><attrdefs>CDWR</attrdefs><attrdomv><edom><edomv>WDID</edomv><edomvd>Water District ID</edomvd><edomvds>CDWR</edomvds></edom><edom><edomv>RECEIPT</edomv><edomvd>Well Permit Receipt Number</edomvd><edomvds>CDWR</edomvds></edom></attrdomv><attalias Sync="TRUE">GW_TYPE1</attalias><attrtype Sync="TRUE">String</attrtype><attwidth Sync="TRUE">10</attwidth><atprecis Sync="TRUE">0</atprecis><attscale Sync="TRUE">0</attscale></attr><attr><attrlabl>GW_ID4</attrlabl><attrdef>Unique ID of Groundwater Irrigation Source.</attrdef><attrdefs>CDWR</attrdefs><attalias Sync="TRUE">GW_ID4</attalias><attrtype Sync="TRUE">String</attrtype><attwidth Sync="TRUE">10</attwidth><atprecis Sync="TRUE">0</atprecis><attscale Sync="TRUE">0</attscale></attr><attr><attrlabl>GW_CLASS4</attrlabl><attrdef>Defines how groundwater irrigation source was applied to irrigated land.</attrdef><attrdefs>CDWR</attrdefs><attrdomv><edom><edomv>3</edomv><edomvd>Vague Permit/Decree Description</edomvd><edomvds>CDWR</edomvds></edom><edom><edomv>2</edomv><edomvd>Explicit Permit/Decree Description</edomvd><edomvds>CDWR</edomvds></edom><edom><edomv>1</edomv><edomvd>Field Verified</edomvd><edomvds>CDWR</edomvds></edom></attrdomv><attalias Sync="TRUE">GW_CLASS4</attalias><attrtype Sync="TRUE">String</attrtype><attwidth Sync="TRUE">2</attwidth><atprecis Sync="TRUE">0</atprecis><attscale Sync="TRUE">0</attscale></attr><attr><attrlabl>GW_CLASS19</attrlabl><attrdef>Defines how groundwater irrigation source was applied to irrigated land.</attrdef><attrdefs>CDWR</attrdefs><attrdomv><edom><edomv>1</edomv><edomvd>Field Verified</edomvd><edomvds>CDWR</edomvds></edom><edom><edomv>2</edomv><edomvd>Explicit Permit/Decree Description</edomvd><edomvds>CDWR</edomvds></edom><edom><edomv>3</edomv><edomvd>Vague Permit/Decree Description</edomvd><edomvds>CDWR</edomvds></edom></attrdomv><attalias Sync="TRUE">GW_CLASS19</attalias><attrtype Sync="TRUE">String</attrtype><attwidth Sync="TRUE">2</attwidth><atprecis Sync="TRUE">0</atprecis><attscale Sync="TRUE">0</attscale></attr><attr><attrlabl>GW_TYPE19</attrlabl><attrdef>Type of Ground Water Irrigation Source ID.</attrdef><attrdefs>CDWR</attrdefs><attrdomv><edom><edomv>WDID</edomv><edomvd>Water District ID</edomvd><edomvds>CDWR</edomvds></edom><edom><edomv>RECEIPT</edomv><edomvd>Well Permit Receipt Number</edomvd><edomvds>CDWR</edomvds></edom></attrdomv><attalias Sync="TRUE">GW_TYPE19</attalias><attrtype Sync="TRUE">String</attrtype><attwidth Sync="TRUE">10</attwidth><atprecis Sync="TRUE">0</atprecis><attscale Sync="TRUE">0</attscale></attr><attr><attrlabl>GW_TYPE5</attrlabl><attrdef>Type of Ground Water Irrigation Source ID.</attrdef><attrdefs>CDWR</attrdefs><attrdomv><edom><edomv>RECEIPT</edomv><edomvd>Well Permit Receipt Number</edomvd><edomvds>CDWR</edomvds></edom><edom><edomv>WDID</edomv><edomvd>Water District ID</edomvd><edomvds>CDWR</edomvds></edom></attrdomv><attalias Sync="TRUE">GW_TYPE5</attalias><attrtype Sync="TRUE">String</attrtype><attwidth Sync="TRUE">10</attwidth><atprecis Sync="TRUE">0</atprecis><attscale Sync="TRUE">0</attscale></attr><attr><attrlabl>GW_ID3</attrlabl><attrdef>Unique ID of Groundwater Irrigation Source.</attrdef><attrdefs>CDWR</attrdefs><attalias Sync="TRUE">GW_ID3</attalias><attrtype Sync="TRUE">String</attrtype><attwidth Sync="TRUE">10</attwidth><atprecis Sync="TRUE">0</atprecis><attscale Sync="TRUE">0</attscale></attr><attr><attrlabl>GW_CLASS12</attrlabl><attrdef>Defines how groundwater irrigation source was applied to irrigated land.</attrdef><attrdefs>CDWR</attrdefs><attrdomv><edom><edomv>1</edomv><edomvd>Field Verified</edomvd><edomvds>CDWR</edomvds></edom><edom><edomv>2</edomv><edomvd>Explicit Permit/Decree Description</edomvd><edomvds>CDWR</edomvds></edom><edom><edomv>3</edomv><edomvd>Vague Permit/Decree Description</edomvd><edomvds>CDWR</edomvds></edom></attrdomv><attalias Sync="TRUE">GW_CLASS12</attalias><attrtype Sync="TRUE">String</attrtype><attwidth Sync="TRUE">2</attwidth><atprecis Sync="TRUE">0</atprecis><attscale Sync="TRUE">0</attscale></attr><attr><attrlabl>GW_CLASS7</attrlabl><attrdef>Defines how groundwater irrigation source was applied to irrigated land.</attrdef><attrdefs>CDWR</attrdefs><attrdomv><edom><edomv>3</edomv><edomvd>Vague Permit/Decree Description</edomvd><edomvds>CDWR</edomvds></edom><edom><edomv>1</edomv><edomvd>Field Verified</edomvd><edomvds>CDWR</edomvds></edom><edom><edomv>2</edomv><edomvd>Explicit Permit/Decree Description</edomvd><edomvds>CDWR</edomvds></edom></attrdomv><attalias Sync="TRUE">GW_CLASS7</attalias><attrtype Sync="TRUE">String</attrtype><attwidth Sync="TRUE">2</attwidth><atprecis Sync="TRUE">0</atprecis><attscale Sync="TRUE">0</attscale></attr><attr><attrlabl>GW_CLASS10</attrlabl><attrdef>Defines how groundwater irrigation source was applied to irrigated land.</attrdef><attrdefs>CDWR</attrdefs><attrdomv><edom><edomv>3</edomv><edomvd>Vague Permit/Decree Description</edomvd><edomvds>CDWR</edomvds></edom><edom><edomv>1</edomv><edomvd>Field Verified</edomvd><edomvds>CDWR</edomvds></edom><edom><edomv>2</edomv><edomvd>Explicit Permit/Decree Description</edomvd><edomvds>CDWR</edomvds></edom></attrdomv><attalias Sync="TRUE">GW_CLASS10</attalias><attrtype Sync="TRUE">String</attrtype><attwidth Sync="TRUE">2</attwidth><atprecis Sync="TRUE">0</atprecis><attscale Sync="TRUE">0</attscale></attr><attr><attrlabl>CROP_SRC</attrlabl><attrdef>Crop Type Information Source</attrdef><attrdefs>CDWR</attrdefs><attrdomv><edom><edomv>INTERP</edomv><edomvd>Interpreted from Multiple Sources</edomvd><edomvds>CDWR</edomvds></edom><edom><edomv>NASS</edomv><edomvd>National Agricultural Statistics Service Cropland Data Layer</edomvd><edomvds>CDWR</edomvds></edom><edom><edomv>FIELD</edomv><edomvd>Field Observered</edomvd><edomvds>CDWR</edomvds></edom><edom><edomv>SAT</edomv><edomvd>Interpreted from NDVI Satellite Imagery Analysis</edomvd><edomvds>CDWR</edomvds></edom></attrdomv><attalias Sync="TRUE">CROP_SRC</attalias><attrtype Sync="TRUE">String</attrtype><attwidth Sync="TRUE">15</attwidth><atprecis Sync="TRUE">0</atprecis><attscale Sync="TRUE">0</attscale></attr><attr><attrlabl>GW_CLASS5</attrlabl><attrdef>Defines how groundwater irrigation source was applied to irrigated land.</attrdef><attrdefs>CDWR</attrdefs><attrdomv><edom><edomv>3</edomv><edomvd>Vague Permit/Decree Description</edomvd><edomvds>CDWR</edomvds></edom><edom><edomv>2</edomv><edomvd>Explicit Permit/Decree Description</edomvd><edomvds>CDWR</edomvds></edom><edom><edomv>1</edomv><edomvd>Field Verified</edomvd><edomvds>CDWR</edomvds></edom></attrdomv><attalias Sync="TRUE">GW_CLASS5</attalias><attrtype Sync="TRUE">String</attrtype><attwidth Sync="TRUE">2</attwidth><atprecis Sync="TRUE">0</atprecis><attscale Sync="TRUE">0</attscale></attr><attr><attrlabl>CAL_YEAR</attrlabl><attrdef>Year of Irrigated Lands Study Period</attrdef><attrdefs>CDWR</attrdefs><attalias Sync="TRUE">CAL_YEAR</attalias><attrtype Sync="TRUE">Integer</attrtype><attwidth Sync="TRUE">10</attwidth><atprecis Sync="TRUE">10</atprecis><attscale Sync="TRUE">0</attscale></attr><attr><attrlabl>GW_ID6</attrlabl><attrdef>Unique ID of Groundwater Irrigation Source.</attrdef><attrdefs>CDWR</attrdefs><attalias Sync="TRUE">GW_ID6</attalias><attrtype Sync="TRUE">String</attrtype><attwidth Sync="TRUE">10</attwidth><atprecis Sync="TRUE">0</atprecis><attscale Sync="TRUE">0</attscale></attr><attr><attrlabl>SW_WDID2</attrlabl><attrdef>Water District ID (WDID) of Surface Water Irrigation Source</attrdef><attrdefs>CDWR</attrdefs><attalias Sync="TRUE">SW_WDID2</attalias><attrtype Sync="TRUE">String</attrtype><attwidth Sync="TRUE">10</attwidth><atprecis Sync="TRUE">0</atprecis><attscale Sync="TRUE">0</attscale></attr><attr><attrlabl>GW_ID7</attrlabl><attrdef>Unique ID of Groundwater Irrigation Source.</attrdef><attrdefs>CDWR</attrdefs><attalias Sync="TRUE">GW_ID7</attalias><attrtype Sync="TRUE">String</attrtype><attwidth Sync="TRUE">10</attwidth><atprecis Sync="TRUE">0</atprecis><attscale Sync="TRUE">0</attscale></attr><attr><attrlabl>SHAPE</attrlabl><attrdef>Feature geometry.</attrdef><attrdefs>Esri</attrdefs><attrdomv><udom>Coordinates defining the features.</udom></attrdomv><attalias Sync="TRUE">Shape</attalias><attrtype Sync="TRUE">Geometry</attrtype><attwidth Sync="TRUE">0</attwidth><atprecis Sync="TRUE">0</atprecis><attscale Sync="TRUE">0</attscale></attr><attr><attrlabl>GW_CLASS1</attrlabl><attrdef>Defines how groundwater irrigation source was applied to irrigated land.</attrdef><attrdefs>CDWR</attrdefs><attrdomv><edom><edomv>2</edomv><edomvd>Explicit Permit/Decree Description</edomvd><edomvds>CDWR</edomvds></edom><edom><edomv>1</edomv><edomvd>Field Verified</edomvd><edomvds>CDWR</edomvds></edom><edom><edomv>3</edomv><edomvd>Vague Permit/Decree Description</edomvd><edomvds>CDWR</edomvds></edom></attrdomv><attalias Sync="TRUE">GW_CLASS1</attalias><attrtype Sync="TRUE">String</attrtype><attwidth Sync="TRUE">2</attwidth><atprecis Sync="TRUE">0</atprecis><attscale Sync="TRUE">0</attscale></attr><attr><attrlabl>GW_TYPE2</attrlabl><attrdef>Type of Ground Water Irrigation Source ID.</attrdef><attrdefs>CDWR</attrdefs><attrdomv><edom><edomv>WDID</edomv><edomvd>Water District ID</edomvd><edomvds>CDWR</edomvds></edom><edom><edomv>RECEIPT</edomv><edomvd>Well Permit Receipt Number</edomvd><edomvds>CDWR</edomvds></edom></attrdomv><attalias Sync="TRUE">GW_TYPE2</attalias><attrtype Sync="TRUE">String</attrtype><attwidth Sync="TRUE">10</attwidth><atprecis Sync="TRUE">0</atprecis><attscale Sync="TRUE">0</attscale></attr><attr><attrlabl>GW_CLASS6</attrlabl><attrdef>Defines how groundwater irrigation source was applied to irrigated land.</attrdef><attrdefs>CDWR</attrdefs><attrdomv><edom><edomv>2</edomv><edomvd>Explicit Permit/Decree Description</edomvd><edomvds>CDWR</edomvds></edom><edom><edomv>3</edomv><edomvd>Vague Permit/Decree Description</edomvd><edomvds>CDWR</edomvds></edom><edom><edomv>1</edomv><edomvd>Field Verified</edomvd><edomvds>CDWR</edomvds></edom></attrdomv><attalias Sync="TRUE">GW_CLASS6</attalias><attrtype Sync="TRUE">String</attrtype><attwidth Sync="TRUE">2</attwidth><atprecis Sync="TRUE">0</atprecis><attscale Sync="TRUE">0</attscale></attr><attr><attrlabl>GW_CLASS2</attrlabl><attrdef>Defines how groundwater irrigation source was applied to irrigated land.</attrdef><attrdefs>CDWR</attrdefs><attrdomv><edom><edomv>2</edomv><edomvd>Explicit Permit/Decree Description</edomvd><edomvds>CDWR</edomvds></edom><edom><edomv>3</edomv><edomvd>Vague Permit/Decree Description</edomvd><edomvds>CDWR</edomvds></edom><edom><edomv>1</edomv><edomvd>Field Verified</edomvd><edomvds>CDWR</edomvds></edom></attrdomv><attalias Sync="TRUE">GW_CLASS2</attalias><attrtype Sync="TRUE">String</attrtype><attwidth Sync="TRUE">2</attwidth><atprecis Sync="TRUE">0</atprecis><attscale Sync="TRUE">0</attscale></attr><attr><attrlabl>GW_ID19</attrlabl><attrdef>Unique ID of Groundwater Irrigation Source.</attrdef><attrdefs>CDWR</attrdefs><attalias Sync="TRUE">GW_ID19</attalias><attrtype Sync="TRUE">String</attrtype><attwidth Sync="TRUE">10</attwidth><atprecis Sync="TRUE">0</atprecis><attscale Sync="TRUE">0</attscale></attr><attr><attrlabl>GW_CLASS18</attrlabl><attrdef>Defines how groundwater irrigation source was applied to irrigated land.</attrdef><attrdefs>CDWR</attrdefs><attrdomv><edom><edomv>2</edomv><edomvd>Explicit Permit/Decree Description</edomvd><edomvds>CDWR</edomvds></edom><edom><edomv>1</edomv><edomvd>Field Verified</edomvd><edomvds>CDWR</edomvds></edom><edom><edomv>3</edomv><edomvd>Vague Permit/Decree Description</edomvd><edomvds>CDWR</edomvds></edom></attrdomv><attalias Sync="TRUE">GW_CLASS18</attalias><attrtype Sync="TRUE">String</attrtype><attwidth Sync="TRUE">2</attwidth><atprecis Sync="TRUE">0</atprecis><attscale Sync="TRUE">0</attscale></attr><attr><attrlabl>GW_TYPE18</attrlabl><attrdef>Type of Ground Water Irrigation Source ID.</attrdef><attrdefs>CDWR</attrdefs><attrdomv><edom><edomv>WDID</edomv><edomvd>Water District ID</edomvd><edomvds>CDWR</edomvds></edom><edom><edomv>RECEIPT</edomv><edomvd>Well Permit Receipt Number</edomvd><edomvds>CDWR</edomvds></edom></attrdomv><attalias Sync="TRUE">GW_TYPE18</attalias><attrtype Sync="TRUE">String</attrtype><attwidth Sync="TRUE">10</attwidth><atprecis Sync="TRUE">0</atprecis><attscale Sync="TRUE">0</attscale></attr><attr><attrlabl>GW_ID17</attrlabl><attrdef>Unique ID of Groundwater Irrigation Source.</attrdef><attrdefs>CDWR</attrdefs><attalias Sync="TRUE">GW_ID17</attalias><attrtype Sync="TRUE">String</attrtype><attwidth Sync="TRUE">10</attwidth><atprecis Sync="TRUE">0</atprecis><attscale Sync="TRUE">0</attscale></attr><attr><attrlabl>GW_CLASS20</attrlabl><attrdef>Defines how groundwater irrigation source was applied to irrigated land.</attrdef><attrdefs>CDWR</attrdefs><attrdomv><edom><edomv>1</edomv><edomvd>Field Verified</edomvd><edomvds>CDWR</edomvds></edom><edom><edomv>2</edomv><edomvd>Explicit Permit/Decree Description</edomvd><edomvds>CDWR</edomvds></edom><edom><edomv>3</edomv><edomvd>Vague Permit/Decree Description</edomvd><edomvds>CDWR</edomvds></edom></attrdomv><attalias Sync="TRUE">GW_CLASS20</attalias><attrtype Sync="TRUE">String</attrtype><attwidth Sync="TRUE">2</attwidth><atprecis Sync="TRUE">0</atprecis><attscale Sync="TRUE">0</attscale></attr><attr><attrlabl>GW_ID14</attrlabl><attrdef>Unique ID of Groundwater Irrigation Source.</attrdef><attrdefs>CDWR</attrdefs><attalias Sync="TRUE">GW_ID14</attalias><attrtype Sync="TRUE">String</attrtype><attwidth Sync="TRUE">10</attwidth><atprecis Sync="TRUE">0</atprecis><attscale Sync="TRUE">0</attscale></attr><attr><attrlabl>GW_TYPE20</attrlabl><attrdef>Type of Ground Water Irrigation Source ID.</attrdef><attrdefs>CDWR</attrdefs><attrdomv><edom><edomv>WDID</edomv><edomvd>Water District ID</edomvd><edomvds>CDWR</edomvds></edom><edom><edomv>RECEIPT</edomv><edomvd>Well Permit Receipt Number</edomvd><edomvds>CDWR</edomvds></edom></attrdomv><attalias Sync="TRUE">GW_TYPE20</attalias><attrtype Sync="TRUE">String</attrtype><attwidth Sync="TRUE">10</attwidth><atprecis Sync="TRUE">0</atprecis><attscale Sync="TRUE">0</attscale></attr><attr><attrlabl>GW_TYPE14</attrlabl><attrdef>Type of Ground Water Irrigation Source ID.</attrdef><attrdefs>CDWR</attrdefs><attrdomv><edom><edomv>WDID</edomv><edomvd>Water District ID</edomvd><edomvds>CDWR</edomvds></edom><edom><edomv>RECEIPT</edomv><edomvd>Well Permit Receipt Number</edomvd><edomvds>CDWR</edomvds></edom></attrdomv><attalias Sync="TRUE">GW_TYPE14</attalias><attrtype Sync="TRUE">String</attrtype><attwidth Sync="TRUE">10</attwidth><atprecis Sync="TRUE">0</atprecis><attscale Sync="TRUE">0</attscale></attr><attr><attrlabl>GW_CLASS16</attrlabl><attrdef>Defines how groundwater irrigation source was applied to irrigated land.</attrdef><attrdefs>CDWR</attrdefs><attrdomv><edom><edomv>2</edomv><edomvd>Explicit Permit/Decree Description,</edomvd><edomvds>CDWR</edomvds></edom><edom><edomv>3</edomv><edomvd>Vague Permit/Decree Description</edomvd><edomvds>CDWR</edomvds></edom><edom><edomv>1</edomv><edomvd>Field Verified</edomvd><edomvds>CDWR</edomvds></edom></attrdomv><attalias Sync="TRUE">GW_CLASS16</attalias><attrtype Sync="TRUE">String</attrtype><attwidth Sync="TRUE">2</attwidth><atprecis Sync="TRUE">0</atprecis><attscale Sync="TRUE">0</attscale></attr><attr><attrlabl>GW_CLASS15</attrlabl><attrdef>Defines how groundwater irrigation source was applied to irrigated land.</attrdef><attrdefs>CDWR</attrdefs><attrdomv><edom><edomv>3</edomv><edomvd>Vague Permit/Decree Description</edomvd><edomvds>CDWR</edomvds></edom><edom><edomv>1</edomv><edomvd>Field Verified</edomvd><edomvds>CDWR</edomvds></edom><edom><edomv>2</edomv><edomvd>Explicit Permit/Decree Description</edomvd><edomvds>CDWR</edomvds></edom></attrdomv><attalias Sync="TRUE">GW_CLASS15</attalias><attrtype Sync="TRUE">String</attrtype><attwidth Sync="TRUE">2</attwidth><atprecis Sync="TRUE">0</atprecis><attscale Sync="TRUE">0</attscale></attr><attr><attrlabl>GW_TYPE15</attrlabl><attrdef>Type of Ground Water Irrigation Source ID.</attrdef><attrdefs>CDWR</attrdefs><attrdomv><edom><edomv>WDID</edomv><edomvd>Water District ID</edomvd><edomvds>CDWR</edomvds></edom><edom><edomv>RECEIPT</edomv><edomvd>Well Permit Receipt Number</edomvd><edomvds>CDWR</edomvds></edom></attrdomv><attalias Sync="TRUE">GW_TYPE15</attalias><attrtype Sync="TRUE">String</attrtype><attwidth Sync="TRUE">10</attwidth><atprecis Sync="TRUE">0</atprecis><attscale Sync="TRUE">0</attscale></attr><attr><attrlabl>GW_ID15</attrlabl><attrdef>Unique ID of Groundwater Irrigation Source.</attrdef><attrdefs>CDWR</attrdefs><attalias Sync="TRUE">GW_ID15</attalias><attrtype Sync="TRUE">String</attrtype><attwidth Sync="TRUE">10</attwidth><atprecis Sync="TRUE">0</atprecis><attscale Sync="TRUE">0</attscale></attr><attr><attrlabl>GW_CLASS14</attrlabl><attrdef>Defines how groundwater irrigation source was applied to irrigated land.</attrdef><attrdefs>CDWR</attrdefs><attrdomv><edom><edomv>2</edomv><edomvd>Explicit Permit/Decree Description</edomvd><edomvds>CDWR</edomvds></edom><edom><edomv>1</edomv><edomvd>Field Verified</edomvd><edomvds>CDWR</edomvds></edom></attrdomv><attalias Sync="TRUE">GW_CLASS14</attalias><attrtype Sync="TRUE">String</attrtype><attwidth Sync="TRUE">2</attwidth><atprecis Sync="TRUE">0</atprecis><attscale Sync="TRUE">0</attscale></attr><attr><attrlabl>GW_TYPE13</attrlabl><attrdef>Type of Ground Water Irrigation Source ID.</attrdef><attrdefs>CDWR</attrdefs><attrdomv><edom><edomv>WDID</edomv><edomvd>Water District ID</edomvd><edomvds>CDWR</edomvds></edom><edom><edomv>RECEIPT</edomv><edomvd>Well Permit Receipt Number</edomvd><edomvds>CDWR</edomvds></edom></attrdomv><attalias Sync="TRUE">GW_TYPE13</attalias><attrtype Sync="TRUE">String</attrtype><attwidth Sync="TRUE">10</attwidth><atprecis Sync="TRUE">0</atprecis><attscale Sync="TRUE">0</attscale></attr><attr><attrlabl>GW_ID12</attrlabl><attrdef>Unique ID of Groundwater Irrigation Source.</attrdef><attrdefs>CDWR</attrdefs><attalias Sync="TRUE">GW_ID12</attalias><attrtype Sync="TRUE">String</attrtype><attwidth Sync="TRUE">10</attwidth><atprecis Sync="TRUE">0</atprecis><attscale Sync="TRUE">0</attscale></attr><attr><attrlabl>GW_TYPE12</attrlabl><attrdef>Type of Ground Water Irrigation Source ID.</attrdef><attrdefs>CDWR</attrdefs><attrdomv><edom><edomv>RECEIPT</edomv><edomvd>Well Permit Receipt Number</edomvd><edomvds>CDWR</edomvds></edom><edom><edomv>WDID</edomv><edomvd>Water District ID</edomvd><edomvds>CDWR</edomvds></edom></attrdomv><attalias Sync="TRUE">GW_TYPE12</attalias><attrtype Sync="TRUE">String</attrtype><attwidth Sync="TRUE">10</attwidth><atprecis Sync="TRUE">0</atprecis><attscale Sync="TRUE">0</attscale></attr><attr><attrlabl>GW_TYPE3</attrlabl><attrdef>Type of Ground Water Irrigation Source ID.</attrdef><attrdefs>CDWR</attrdefs><attrdomv><edom><edomv>RECEIPT</edomv><edomvd>Well Permit Receipt Number</edomvd><edomvds>CDWR</edomvds></edom><edom><edomv>WDID</edomv><edomvd>Water District ID</edomvd><edomvds>CDWR</edomvds></edom></attrdomv><attalias Sync="TRUE">GW_TYPE3</attalias><attrtype Sync="TRUE">String</attrtype><attwidth Sync="TRUE">10</attwidth><atprecis Sync="TRUE">0</atprecis><attscale Sync="TRUE">0</attscale></attr><attr><attrlabl>SW_WDID5</attrlabl><attrdef>Water District ID (WDID) of Surface Water Irrigation Source</attrdef><attrdefs>CDWR</attrdefs><attalias Sync="TRUE">SW_WDID5</attalias><attrtype Sync="TRUE">String</attrtype><attwidth Sync="TRUE">10</attwidth><atprecis Sync="TRUE">0</atprecis><attscale Sync="TRUE">0</attscale></attr><attr><attrlabl>SW_WDID3</attrlabl><attrdef>Water District ID (WDID) of Surface Water Irrigation Source</attrdef><attrdefs>CDWR</attrdefs><attalias Sync="TRUE">SW_WDID3</attalias><attrtype Sync="TRUE">String</attrtype><attwidth Sync="TRUE">10</attwidth><atprecis Sync="TRUE">0</atprecis><attscale Sync="TRUE">0</attscale></attr><attr><attrlabl>SW_WDID8</attrlabl><attrdef>Water District ID (WDID) of Surface Water Irrigation Source</attrdef><attrdefs>CDWR</attrdefs><attalias Sync="TRUE">SW_WDID8</attalias><attrtype Sync="TRUE">String</attrtype><attwidth Sync="TRUE">10</attwidth><atprecis Sync="TRUE">0</atprecis><attscale Sync="TRUE">0</attscale></attr><attr><attrlabl>GW_CLASS17</attrlabl><attrdef>Defines how groundwater irrigation source was applied to irrigated land.</attrdef><attrdefs>CDWR</attrdefs><attrdomv><edom><edomv>2</edomv><edomvd>Explicit Permit/Decree Description</edomvd><edomvds>CDWR</edomvds></edom><edom><edomv>3</edomv><edomvd>Vague Permit/Decree Description</edomvd><edomvds>CDWR</edomvds></edom><edom><edomv>1</edomv><edomvd>Field Verified</edomvd><edomvds>CDWR</edomvds></edom></attrdomv><attalias Sync="TRUE">GW_CLASS17</attalias><attrtype Sync="TRUE">String</attrtype><attwidth Sync="TRUE">2</attwidth><atprecis Sync="TRUE">0</atprecis><attscale Sync="TRUE">0</attscale></attr><attr><attrlabl>GW_TYPE9</attrlabl><attrdef>Type of Ground Water Irrigation Source ID.</attrdef><attrdefs>CDWR</attrdefs><attrdomv><edom><edomv>RECEIPT</edomv><edomvd>Well Permit Receipt Number</edomvd><edomvds>CDWR</edomvds></edom><edom><edomv>WDID</edomv><edomvd>Water District ID</edomvd><edomvds>CDWR</edomvds></edom></attrdomv><attalias Sync="TRUE">GW_TYPE9</attalias><attrtype Sync="TRUE">String</attrtype><attwidth Sync="TRUE">10</attwidth><atprecis Sync="TRUE">0</atprecis><attscale Sync="TRUE">0</attscale></attr><attr><attrlabl>GW_CLASS13</attrlabl><attrdef>Defines how groundwater irrigation source was applied to irrigated land.</attrdef><attrdefs>CDWR</attrdefs><attrdomv><edom><edomv>1</edomv><edomvd>Field Verified</edomvd><edomvds>CDWR</edomvds></edom><edom><edomv>3</edomv><edomvd>Vague Permit/Decree Description</edomvd><edomvds>CDWR</edomvds></edom><edom><edomv>2</edomv><edomvd>Explicit Permit/Decree Description</edomvd><edomvds>CDWR</edomvds></edom></attrdomv><attalias Sync="TRUE">GW_CLASS13</attalias><attrtype Sync="TRUE">String</attrtype><attwidth Sync="TRUE">2</attwidth><atprecis Sync="TRUE">0</atprecis><attscale Sync="TRUE">0</attscale></attr><attr><attrlabl>GW_TYPE16</attrlabl><attrdef>Type of Ground Water Irrigation Source ID.</attrdef><attrdefs>CDWR</attrdefs><attrdomv><edom><edomv>RECEIPT</edomv><edomvd>Well Permit Receipt Number</edomvd><edomvds>CDWR</edomvds></edom><edom><edomv>WDID</edomv><edomvd>Water District ID</edomvd><edomvds>CDWR</edomvds></edom></attrdomv><attalias Sync="TRUE">GW_TYPE16</attalias><attrtype Sync="TRUE">String</attrtype><attwidth Sync="TRUE">10</attwidth><atprecis Sync="TRUE">0</atprecis><attscale Sync="TRUE">0</attscale></attr><attr><attrlabl>GW_CLASS3</attrlabl><attrdef>Defines how groundwater irrigation source was applied to irrigated land.</attrdef><attrdefs>CDWR</attrdefs><attrdomv><edom><edomv>2</edomv><edomvd>Explicit Permit/Decree Description</edomvd><edomvds>CDWR</edomvds></edom><edom><edomv>3</edomv><edomvd>Vague Permit/Decree Description</edomvd><edomvds>CDWR</edomvds></edom><edom><edomv>1</edomv><edomvd>Field Verified</edomvd><edomvds>CDWR</edomvds></edom></attrdomv><attalias Sync="TRUE">GW_CLASS3</attalias><attrtype Sync="TRUE">String</attrtype><attwidth Sync="TRUE">2</attwidth><atprecis Sync="TRUE">0</atprecis><attscale Sync="TRUE">0</attscale></attr><attr><attrlabl>PARCEL_ID</attrlabl><attrdef>Unique ID of Every Parcel in Dataset</attrdef><attrdefs>CDWR</attrdefs><attalias Sync="TRUE">PARCEL_ID</attalias><attrtype Sync="TRUE">Integer</attrtype><attwidth Sync="TRUE">10</attwidth><atprecis Sync="TRUE">10</atprecis><attscale Sync="TRUE">0</attscale></attr><attr><attrlabl>GW_ID8</attrlabl><attrdef>Unique ID of Groundwater Irrigation Source.</attrdef><attrdefs>CDWR</attrdefs><attalias Sync="TRUE">GW_ID8</attalias><attrtype Sync="TRUE">String</attrtype><attwidth Sync="TRUE">10</attwidth><atprecis Sync="TRUE">0</atprecis><attscale Sync="TRUE">0</attscale></attr><attr><attrlabl>GW_TYPE7</attrlabl><attrdef>Type of Ground Water Irrigation Source ID.</attrdef><attrdefs>CDWR</attrdefs><attrdomv><edom><edomv>WDID</edomv><edomvd>Water District ID</edomvd><edomvds>CDWR</edomvds></edom><edom><edomv>RECEIPT</edomv><edomvd>Well Permit Receipt Number</edomvd><edomvds>CDWR</edomvds></edom></attrdomv><attalias Sync="TRUE">GW_TYPE7</attalias><attrtype Sync="TRUE">String</attrtype><attwidth Sync="TRUE">10</attwidth><atprecis Sync="TRUE">0</atprecis><attscale Sync="TRUE">0</attscale></attr><attr><attrlabl>SW_WDID7</attrlabl><attrdef>Water District ID (WDID) of Surface Water Irrigation Source</attrdef><attrdefs>CDWR</attrdefs><attalias Sync="TRUE">SW_WDID7</attalias><attrtype Sync="TRUE">String</attrtype><attwidth Sync="TRUE">10</attwidth><atprecis Sync="TRUE">0</atprecis><attscale Sync="TRUE">0</attscale></attr><attr><attrlabl>GW_TYPE11</attrlabl><attrdef>Type of Ground Water Irrigation Source ID.</attrdef><attrdefs>CDWR</attrdefs><attrdomv><edom><edomv>WDID</edomv><edomvd>Water District ID</edomvd><edomvds>CDWR</edomvds></edom><edom><edomv>RECEIPT</edomv><edomvd>Well Permit Receipt Number</edomvd><edomvds>CDWR</edomvds></edom></attrdomv><attalias Sync="TRUE">GW_TYPE11</attalias><attrtype Sync="TRUE">String</attrtype><attwidth Sync="TRUE">10</attwidth><atprecis Sync="TRUE">0</atprecis><attscale Sync="TRUE">0</attscale></attr><attr><attrlabl>SW_WDID1</attrlabl><attrdef>Water District ID (WDID) of Surface Water Irrigation Source</attrdef><attrdefs>CDWR</attrdefs><attalias Sync="TRUE">SW_WDID1</attalias><attrtype Sync="TRUE">String</attrtype><attwidth Sync="TRUE">10</attwidth><atprecis Sync="TRUE">0</atprecis><attscale Sync="TRUE">0</attscale></attr><attr><attrlabl>GW_CLASS9</attrlabl><attrdef>Defines how groundwater irrigation source was applied to irrigated land.</attrdef><attrdefs>CDWR</attrdefs><attrdomv><edom><edomv>1</edomv><edomvd>Field Verified</edomvd><edomvds>CDWR</edomvds></edom><edom><edomv>2</edomv><edomvd>Explicit Permit/Decree Description</edomvd><edomvds>CDWR</edomvds></edom><edom><edomv>3</edomv><edomvd>Vague Permit/Decree Description</edomvd><edomvds>CDWR</edomvds></edom></attrdomv><attalias Sync="TRUE">GW_CLASS9</attalias><attrtype Sync="TRUE">String</attrtype><attwidth Sync="TRUE">2</attwidth><atprecis Sync="TRUE">0</atprecis><attscale Sync="TRUE">0</attscale></attr><attr><attrlabl>GW_ID2</attrlabl><attrdef>Unique ID of Groundwater Irrigation Source.</attrdef><attrdefs>CDWR</attrdefs><attalias Sync="TRUE">GW_ID2</attalias><attrtype Sync="TRUE">String</attrtype><attwidth Sync="TRUE">10</attwidth><atprecis Sync="TRUE">0</atprecis><attscale Sync="TRUE">0</attscale></attr><attr><attrlabl>GW_TYPE8</attrlabl><attrdef>Type of Ground Water Irrigation Source ID.</attrdef><attrdefs>CDWR</attrdefs><attrdomv><edom><edomv>WDID</edomv><edomvd>Water District ID</edomvd><edomvds>CDWR</edomvds></edom><edom><edomv>RECEIPT</edomv><edomvd>Well Permit Receipt Number</edomvd><edomvds>CDWR</edomvds></edom></attrdomv><attalias Sync="TRUE">GW_TYPE8</attalias><attrtype Sync="TRUE">String</attrtype><attwidth Sync="TRUE">10</attwidth><atprecis Sync="TRUE">0</atprecis><attscale Sync="TRUE">0</attscale></attr><attr><attrlabl>PERENNIAL</attrlabl><attrdef>Designates whether crop is perennial.</attrdef><attrdefs>CDWR</attrdefs><attalias Sync="TRUE">PERENNIAL</attalias><attrtype Sync="TRUE">String</attrtype><attwidth Sync="TRUE">5</attwidth><atprecis Sync="TRUE">0</atprecis><attscale Sync="TRUE">0</attscale></attr><attr><attrlabl>GW_CLASS11</attrlabl><attrdef>Defines how groundwater irrigation source was applied to irrigated land.</attrdef><attrdefs>CDWR</attrdefs><attrdomv><edom><edomv>1</edomv><edomvd>Field Verified</edomvd><edomvds>CDWR</edomvds></edom><edom><edomv>2</edomv><edomvd>Explicit Permit/Decree Description</edomvd><edomvds>CDWR</edomvds></edom><edom><edomv>3</edomv><edomvd>Vague Permit/Decree Description</edomvd><edomvds>CDWR</edomvds></edom></attrdomv><attalias Sync="TRUE">GW_CLASS11</attalias><attrtype Sync="TRUE">String</attrtype><attwidth Sync="TRUE">2</attwidth><atprecis Sync="TRUE">0</atprecis><attscale Sync="TRUE">0</attscale></attr><attr><attrlabl>GW_ID1</attrlabl><attrdef>Unique ID of Groundwater Irrigation Source.</attrdef><attrdefs>CDWR</attrdefs><attalias Sync="TRUE">GW_ID1</attalias><attrtype Sync="TRUE">String</attrtype><attwidth Sync="TRUE">10</attwidth><atprecis Sync="TRUE">0</atprecis><attscale Sync="TRUE">0</attscale></attr><attr><attrlabl>GW_CLASS8</attrlabl><attrdef>Defines how groundwater irrigation source was applied to irrigated land.</attrdef><attrdefs>CDWR</attrdefs><attrdomv><edom><edomv>3</edomv><edomvd>Vague Permit/Decree Description</edomvd><edomvds>CDWR</edomvds></edom><edom><edomv>1</edomv><edomvd>Field Verified</edomvd><edomvds>CDWR</edomvds></edom><edom><edomv>2</edomv><edomvd>Explicit Permit/Decree Description</edomvd><edomvds>CDWR</edomvds></edom></attrdomv><attalias Sync="TRUE">GW_CLASS8</attalias><attrtype Sync="TRUE">String</attrtype><attwidth Sync="TRUE">2</attwidth><atprecis Sync="TRUE">0</atprecis><attscale Sync="TRUE">0</attscale></attr><attr><attrlabl>SW_WDID4</attrlabl><attrdef>Water District ID (WDID) of Surface Water Irrigation Source</attrdef><attrdefs>CDWR</attrdefs><attalias Sync="TRUE">SW_WDID4</attalias><attrtype Sync="TRUE">String</attrtype><attwidth Sync="TRUE">10</attwidth><atprecis Sync="TRUE">0</atprecis><attscale Sync="TRUE">0</attscale></attr><attr><attrlabl>ACRES</attrlabl><attrdef>Acreage of Irrigated Lands</attrdef><attrdefs>CDWR</attrdefs><attalias Sync="TRUE">ACRES</attalias><attrtype Sync="TRUE">Double</attrtype><attwidth Sync="TRUE">19</attwidth><atprecis Sync="TRUE">0</atprecis><attscale Sync="TRUE">0</attscale></attr><attr><attrlabl>CROP_TYPE</attrlabl><attrdef>Crop Type of Irrigated Parcel</attrdef><attrdefs>CDWR</attrdefs><attrdomv><udom>ALFALFA BARLEY BLUEGRASS CORN CORN_GRAIN CORN_SILAGE COTTON COVER_CROP DRY_BEANS GRAPES GRASS_PASTURE NEW_ALFALFA NO_CROP ORCHARD_WITH_COVER ORCHARD_WO_COVER POTATOES SMALL_GRAINS SNAP_BEANS SOD_FARM SORGHUM_GRAIN SPRING_GRAIN SUGAR_BEETS SUNFLOWER SWEET_CORN VEGETABLES WHEAT WHEAT_FALL WHEAT_SPRING</udom></attrdomv><attalias Sync="TRUE">CROP_TYPE</attalias><attrtype Sync="TRUE">String</attrtype><attwidth Sync="TRUE">20</attwidth><atprecis Sync="TRUE">0</atprecis><attscale Sync="TRUE">0</attscale></attr><attr><attrlabl>GW_ID9</attrlabl><attrdef>Unique ID of Groundwater Irrigation Source.</attrdef><attrdefs>CDWR</attrdefs><attalias Sync="TRUE">GW_ID9</attalias><attrtype Sync="TRUE">String</attrtype><attwidth Sync="TRUE">10</attwidth><atprecis Sync="TRUE">0</atprecis><attscale Sync="TRUE">0</attscale></attr><attr><attrlabl>GW_ID11</attrlabl><attrdef>Unique ID of Groundwater Irrigation Source.</attrdef><attrdefs>CDWR</attrdefs><attalias Sync="TRUE">GW_ID11</attalias><attrtype Sync="TRUE">String</attrtype><attwidth Sync="TRUE">10</attwidth><atprecis Sync="TRUE">0</atprecis><attscale Sync="TRUE">0</attscale></attr><attr><attrlabl>GW_TYPE4</attrlabl><attrdef>Type of Ground Water Irrigation Source ID.</attrdef><attrdefs>CDWR</attrdefs><attrdomv><edom><edomv>WDID</edomv><edomvd>Water District ID</edomvd><edomvds>CDWR</edomvds></edom><edom><edomv>RECEIPT</edomv><edomvd>Well Permit Receipt Number</edomvd><edomvds>CDWR</edomvds></edom></attrdomv><attalias Sync="TRUE">GW_TYPE4</attalias><attrtype Sync="TRUE">String</attrtype><attwidth Sync="TRUE">10</attwidth><atprecis Sync="TRUE">0</atprecis><attscale Sync="TRUE">0</attscale></attr><attr><attrlabl>GW_ID5</attrlabl><attrdef>Unique ID of Groundwater Irrigation Source.</attrdef><attrdefs>CDWR</attrdefs><attalias Sync="TRUE">GW_ID5</attalias><attrtype Sync="TRUE">String</attrtype><attwidth Sync="TRUE">10</attwidth><atprecis Sync="TRUE">0</atprecis><attscale Sync="TRUE">0</attscale></attr><attr><attrlabl>IRRIG_TYPE</attrlabl><attrdef>Irrigation Method</attrdef><attrdefs>CDWR</attrdefs><attrdomv><edom><edomv>FLOOD</edomv><edomvd>Flood Irriagted Land</edomvd><edomvds>CDWR</edomvds></edom><edom><edomv>SPRINKLER</edomv><edomvd>Sprinkler Irrigated Land</edomvd><edomvds>CDWR</edomvds></edom></attrdomv><attalias Sync="TRUE">IRRIG_TYPE</attalias><attrtype Sync="TRUE">String</attrtype><attwidth Sync="TRUE">15</attwidth><atprecis Sync="TRUE">0</atprecis><attscale Sync="TRUE">0</attscale></attr><attr><attrlabl>GW_ID18</attrlabl><attrdef>Unique ID of Groundwater Irrigation Source.</attrdef><attrdefs>CDWR</attrdefs><attalias Sync="TRUE">GW_ID18</attalias><attrtype Sync="TRUE">String</attrtype><attwidth Sync="TRUE">10</attwidth><atprecis Sync="TRUE">0</atprecis><attscale Sync="TRUE">0</attscale></attr><attr><attrlabl>DISTRICT</attrlabl><attrdef>Water District</attrdef><attrdefs>CDWR</attrdefs><attalias Sync="TRUE">DISTRICT</attalias><attrtype Sync="TRUE">Integer</attrtype><attwidth Sync="TRUE">5</attwidth><atprecis Sync="TRUE">5</atprecis><attscale Sync="TRUE">0</attscale></attr><attr><attrlabl>COMMENTS</attrlabl><attrdef>Comments</attrdef><attrdefs>CDWR</attrdefs><attalias Sync="TRUE">COMMENTS</attalias><attrtype Sync="TRUE">String</attrtype><attwidth Sync="TRUE">250</attwidth><atprecis Sync="TRUE">0</atprecis><attscale Sync="TRUE">0</attscale></attr><attr><attrlabl>GW_ID20</attrlabl><attrdef>Unique ID of Groundwater Irrigation Source.</attrdef><attrdefs>CDWR</attrdefs><attalias Sync="TRUE">GW_ID20</attalias><attrtype Sync="TRUE">String</attrtype><attwidth Sync="TRUE">10</attwidth><atprecis Sync="TRUE">0</atprecis><attscale Sync="TRUE">0</attscale></attr><attr><attrlabl>GW_TYPE17</attrlabl><attrdef>Type of Ground Water Irrigation Source ID.</attrdef><attrdefs>CDWR</attrdefs><attrdomv><edom><edomv>RECEIPT</edomv><edomvd>Well Permit Receipt Number</edomvd><edomvds>CDWR</edomvds></edom><edom><edomv>WDID</edomv><edomvd>Water District ID</edomvd><edomvds>CDWR</edomvds></edom></attrdomv><attalias Sync="TRUE">GW_TYPE17</attalias><attrtype Sync="TRUE">String</attrtype><attwidth Sync="TRUE">10</attwidth><atprecis Sync="TRUE">0</atprecis><attscale Sync="TRUE">0</attscale></attr><attr><attrlabl>GW_ID16</attrlabl><attrdef>Unique ID of Groundwater Irrigation Source.</attrdef><attrdefs>CDWR</attrdefs><attalias Sync="TRUE">GW_ID16</attalias><attrtype Sync="TRUE">String</attrtype><attwidth Sync="TRUE">10</attwidth><atprecis Sync="TRUE">0</atprecis><attscale Sync="TRUE">0</attscale></attr><attr><attrlabl>GW_ID13</attrlabl><attrdef>Unique ID of Groundwater Irrigation Source.</attrdef><attrdefs>CDWR</attrdefs><attalias Sync="TRUE">GW_ID13</attalias><attrtype Sync="TRUE">String</attrtype><attwidth Sync="TRUE">10</attwidth><atprecis Sync="TRUE">0</atprecis><attscale Sync="TRUE">0</attscale></attr><attr><attrlabl>SW_WDID6</attrlabl><attrdef>Water District ID (WDID) of Surface Water Irrigation Source</attrdef><attrdefs>CDWR</attrdefs><attalias Sync="TRUE">SW_WDID6</attalias><attrtype Sync="TRUE">String</attrtype><attwidth Sync="TRUE">10</attwidth><atprecis Sync="TRUE">0</atprecis><attscale Sync="TRUE">0</attscale></attr><attr><attrlabl>DIV</attrlabl><attrdef>Water Division</attrdef><attrdefs>CDWR</attrdefs><attalias Sync="TRUE">DIV</attalias><attrtype Sync="TRUE">Integer</attrtype><attwidth Sync="TRUE">5</attwidth><atprecis Sync="TRUE">5</atprecis><attscale Sync="TRUE">0</attscale></attr><attr><attrlabl>SW_WDID9</attrlabl><attrdef>Water District ID (WDID) of Surface Water Irrigation Source</attrdef><attrdefs>CDWR</attrdefs><attalias Sync="TRUE">SW_WDID9</attalias><attrtype Sync="TRUE">String</attrtype><attwidth Sync="TRUE">10</attwidth><atprecis Sync="TRUE">0</atprecis><attscale Sync="TRUE">0</attscale></attr><attr><attrlabl>GW_TYPE10</attrlabl><attrdef>Type of Ground Water Irrigation Source ID.</attrdef><attrdefs>CDWR</attrdefs><attrdomv><edom><edomv>WDID</edomv><edomvd>Water District ID</edomvd><edomvds>CDWR</edomvds></edom><edom><edomv>RECEIPT</edomv><edomvd>Well Permit Receipt Number</edomvd><edomvds>CDWR</edomvds></edom></attrdomv><attalias Sync="TRUE">GW_TYPE10</attalias><attrtype Sync="TRUE">String</attrtype><attwidth Sync="TRUE">10</attwidth><atprecis Sync="TRUE">0</atprecis><attscale Sync="TRUE">0</attscale></attr><attr><attrlabl>MASTER_ID</attrlabl><attrdef>Relational ID to used to relate irrigation sources to irrigated lands.</attrdef><attrdefs>CDWR</attrdefs><attalias Sync="TRUE">MASTER_ID</attalias><attrtype Sync="TRUE">Integer</attrtype><attwidth Sync="TRUE">10</attwidth><atprecis Sync="TRUE">10</atprecis><attscale Sync="TRUE">0</attscale></attr><attr><attrlabl Sync="TRUE">IRR</attrlabl><attalias Sync="TRUE">IRR</attalias><attrtype Sync="TRUE">String</attrtype><attwidth Sync="TRUE">8</attwidth><atprecis Sync="TRUE">0</atprecis><attscale Sync="TRUE">0</attscale></attr><attr><attrlabl Sync="TRUE">GWZONE</attrlabl><attalias Sync="TRUE">GWZONE</attalias><attrtype Sync="TRUE">Integer</attrtype><attwidth Sync="TRUE">5</attwidth><atprecis Sync="TRUE">5</atprecis><attscale Sync="TRUE">0</attscale></attr><attr><attrlabl Sync="TRUE">FARM_UNIT</attrlabl><attalias Sync="TRUE">FARM_UNIT</attalias><attrtype Sync="TRUE">String</attrtype><attwidth Sync="TRUE">50</attwidth><atprecis Sync="TRUE">0</atprecis><attscale Sync="TRUE">0</attscale></attr><attr><attrlabl>GW_TYPE6</attrlabl><attrdef>Type of Ground Water Irrigation Source ID.</attrdef><attrdefs>CDWR</attrdefs><attrdomv><edom><edomv>RECEIPT</edomv><edomvd>Well Permit Receipt Number</edomvd><edomvds>CDWR</edomvds></edom><edom><edomv>WDID</edomv><edomvd>Water District ID</edomvd><edomvds>CDWR</edomvds></edom></attrdomv><attalias Sync="TRUE">GW_TYPE6</attalias><attrtype Sync="TRUE">String</attrtype><attwidth Sync="TRUE">10</attwidth><atprecis Sync="TRUE">0</atprecis><attscale Sync="TRUE">0</attscale></attr><attr><attrlabl Sync="TRUE">ORIG_FID</attrlabl><attalias Sync="TRUE">ORIG_FID</attalias><attrtype Sync="TRUE">Integer</attrtype><attwidth Sync="TRUE">10</attwidth><atprecis Sync="TRUE">10</atprecis><attscale Sync="TRUE">0</attscale></attr><attr><attrlabl Sync="TRUE">SHAPE_Leng</attrlabl><attalias Sync="TRUE">SHAPE_Leng</attalias><attrtype Sync="TRUE">Double</attrtype><attwidth Sync="TRUE">19</attwidth><atprecis Sync="TRUE">0</atprecis><attscale Sync="TRUE">0</attscale></attr><attr><attrlabl Sync="TRUE">Shape_Area</attrlabl><attalias Sync="TRUE">SHAPE_Area</attalias><attrtype Sync="TRUE">Double</attrtype><attwidth Sync="TRUE">19</attwidth><atprecis Sync="TRUE">0</atprecis><attscale Sync="TRUE">0</attscale><attrdef Sync="TRUE">Area of feature in internal units squared.</attrdef><attrdefs Sync="TRUE">Esri</attrdefs><attrdomv><udom Sync="TRUE">Positive real numbers that are automatically generated.</udom></attrdomv></attr></detailed></eainfo><distInfo><distFormat><formatName Sync="TRUE">Shapefile</formatName></distFormat><distTranOps><transSize Sync="TRUE">0.000</transSize></distTranOps></distInfo><mdHrLvName Sync="TRUE">dataset</mdHrLvName><refSysInfo><RefSystem><refSysID><identCode code="26913" Sync="TRUE"></identCode><idCodeSpace Sync="TRUE">EPSG</idCodeSpace><idVersion Sync="TRUE">6.11(3.0.1)</idVersion></refSysID></RefSystem></refSysInfo><spatRepInfo><VectSpatRep><geometObjs Name="Div4_Irrig_2000"><geoObjTyp><GeoObjTypCd value="002" Sync="TRUE"></GeoObjTypCd></geoObjTyp><geoObjCnt Sync="TRUE">0</geoObjCnt></geometObjs><topLvl><TopoLevCd value="001" Sync="TRUE"></TopoLevCd></topLvl></VectSpatRep></spatRepInfo><spdoinfo><ptvctinf><esriterm Name="Div4_Irrig_2000"><efeatyp Sync="TRUE">Simple</efeatyp><efeageom code="4" Sync="TRUE"></efeageom><esritopo Sync="TRUE">FALSE</esritopo><efeacnt Sync="TRUE">0</efeacnt><spindex Sync="TRUE">FALSE</spindex><linrefer Sync="TRUE">FALSE</linrefer></esriterm></ptvctinf></spdoinfo><mdDateSt Sync="TRUE">20231214</mdDateSt></metadata>
